url,label
https://google.edu/about,0
http://s-alesforce-team.com/account,1
https://linkedin.org/help/faq,0
https://www.slack.co/about,0
https://www.yahoo.co/docs/api,0
http://netflix-suspend-252.gq/suspend,1
https://zoom.com/help/faq,0
https://linkedin.org/user/settings,0
http://booking-confirm-649.click/confirm,1
https://www.slack.io/contact,0
https://www.yahoo.io/user/settings,0
http://33.133.40.36/login/adobe-account,1
https://www.booking.org/help/faq,0
http://is.gd/zq7fun8,1
http://bit.ly/pt3yk26,1
http://95.174.135.104/verify/ebay-account,1
https://instagram.io/contact,0
https://www.spotify.com/search?q=example,0
http://cutt.ly/khu7ck7,1
https://yahoo.org/home,0
https://www.coursera.io/contact,0
https://facebook.io/products,0
https://www.linkedin.co/contact,0
http://zoom.com@secure.cf/secure,1
http://ap-ple-verify.com/signin,1
http://goo.gl/ux6kdm6,1
http://138.34.97.156/unlock/reddit-account,1
https://google.edu/contact,0
http://204.72.224.33/alert/youtube-account,1
http://158.187.224.117/recover/spotify-account,1
http://bit.ly/jdnubwx,1
https://www.paypal.com/about,0
https://www.adobe.com/user/settings,0
https://reddit.net/docs/api,0
http://netflix.com@verify.top/verify,1
http://spotify.com@confirm.gq/confirm,1
https://www.youtube.edu,0
https://netflix.net/home,0
http://spotify-unlock-302.gq/unlock,1
http://suspend.microsoft-suspend.click/suspend.php,1
https://adobe.net/docs/api,0
https://www.yahoo.net/watch?v=abc123,0
https://wikipedia.edu/home,0
http://github.com@secure.tk/secure,1
http://goo.gl/gw5nqzp,1
http://38.62.39.192/webscr/github-account,1
https://zoom.co/blog/2024/article,0
https://www.google.org/about,0
http://197.84.137.118/alert/adobe-account,1
https://paypal.io/,0
https://www.amazon.io/docs/api,0
https://www.booking.edu,0
http://ya0hoo-security.com/webscr,1
http://addobe-support.com/secure,1
http://paypal.com@banking.click/banking,1
http://apple-unlock-346.ru/unlock,1
http://linkeqdin-online.com/verify,1
http://coursera-urgent-920.gq/urgent,1
http://cutt.ly/stqu6j3,1
http://alert.zoom-alert.cf/alert.php,1
http://banking.zoom-banking.click/banking.php,1
https://twitter.edu/pricing,0
http://is.gd/3ar6ikt,1
https://twitter.co/search?q=example,0
http://coursera-login-742.ru/login,1
https://salesforce.edu/help/faq,0
https://www.slack.com/contact,0
https://wikipedia.org/user/settings,0
https://twitter.org/blog/2024/article,0
https://www.coursera.edu,0
http://t.co/y2de2e2,1
https://paypal.com/home,0
https://www.twitter.co/products,0
https://amazon.com/home,0
https://adobe.io/,0
http://paypa0l-alert.com/secure,1
http://alert.yahoo-alert.top/alert.php,1
http://147.253.147.123/suspend/google-account,1
https://www.adobe.com/help/faq,0
https://linkedin.io/watch?v=abc123,0
https://www.instagram.com/products,0
http://spotify-urgent-468.click/urgent,1
http://signin.booking-signin.tk/signin.php,1
http://re-ddit-team.com/login,1
http://cutt.ly/g84iznp,1
http://26.99.149.168/unlock/slack-account,1
https://apple.edu/user/settings,0
http://neetflix-online.com/verify,1
https://www.facebook.io/,0
https://coursera.org/help/faq,0
http://176.166.118.22/suspend/github-account,1
https://www.linkedin.com/blog/2024/article,0
https://www.twitter.net/watch?v=abc123,0
http://banking.airbnb-banking.xyz/banking.php,1
http://inzstagram-alert.com/unlock,1
https://paypal.org/pricing,0
https://www.twitter.net/contact,0
http://145.183.229.241/suspend/booking-account,1
https://www.airbnb.edu/contact,0
https://apple.com/blog/2024/article,0
http://cutt.ly/9gmguk7,1
https://salesforce.com/contact,0
http://87.234.174.64/verify/github-account,1
https://apple.co/search?q=example,0
http://211.73.187.174/update/salesforce-account,1
https://salesforce.edu/home,0
http://sale1sforce-verify.com/billing,1
https://www.amazon.com/home,0
http://instagram-account-535.gq/account,1
https://www.salesforce.edu/home,0
https://www.adobe.co/search?q=example,0
http://signin.google-signin.ru/signin.php,1
http://167.21.245.20/billing/reddit-account,1
http://amaz-on-support.com/update,1
https://www.adobe.edu/contact,0
https://www.dropbox.org/user/settings,0
http://bookinng-support.com/login,1
https://wikipedia.net,0
http://aodbe-alert.com/unlock,1
https://slack.com/home,0
http://sllack-security.com/recover,1
https://reddit.net/products,0
https://www.adobe.edu,0
https://www.booking.com/,0
http://199.105.146.140/account/google-account,1
http://t.co/4dpzeke,1
https://www.twitter.net/search?q=example,0
http://cutt.ly/hwd6rfk,1
http://google-confirm-669.tk/confirm,1
https://reddit.co/about,0
http://zoom-online.com/update,1
http://bbooking-security.com/webscr,1
http://reddit-banking-365.xyz/banking,1
https://coursera.io/contact,0
https://www.zoom.io,0
https://www.microsoft.edu/blog/2024/article,0
http://youtube.com@account.cf/account,1
https://dropbox.net/watch?v=abc123,0
https://www.github.io/watch?v=abc123,0
https://www.amazon.com/,0
https://www.ebay.edu/pricing,0
http://30.75.23.29/confirm/linkedin-account,1
http://drqopbox-verify.com/suspend,1
http://facebook-signin-328.cf/signin,1
https://www.zoom.io/user/settings,0
http://netflix-account-992.top/account,1
http://sp0tify-alert.com/webscr,1
http://yahhoo-team.com/alert,1
http://162.156.219.9/suspend/slack-account,1
https://slack.edu/watch?v=abc123,0
https://www.github.io/pricing,0
http://netflix.com@alert.info/alert,1
https://microsoft.edu/user/settings,0
https://www.netflix.io/about,0
http://137.97.178.96/update/instagram-account,1
http://verify.instagram-verify.xyz/verify.php,1
http://reddit-banking-197.click/banking,1
https://www.adobe.edu/about,0
https://www.amazon.io/,0
http://cutt.ly/nmtdh9n,1
https://www.github.edu/pricing,0
http://is.gd/bn3zp7g,1
https://yahoo.io/,0
https://www.booking.com/about,0
http://ebay-alert-534.xyz/alert,1
https://www.amazon.edu/about,0
http://psotify-team.com/recover,1
https://www.coursera.co/help/faq,0
https://www.slack.io/blog/2024/article,0
http://wikipedia.com@unlock.gq/unlock,1
http://booking-account-973.tk/account,1
https://www.salesforce.io/search?q=example,0
http://t.co/pibrhwb,1
https://www.facebook.net/help/faq,0
https://instagram.edu/search?q=example,0
http://148.115.248.163/confirm/apple-account,1
https://www.facebook.co/help/faq,0
https://www.slack.com/,0
http://unlock.paypal-unlock.xyz/unlock.php,1
http://z00m-support.com/account,1
https://www.spotify.edu/blog/2024/article,0
https://www.coursera.com/pricing,0
https://www.facebook.org/about,0
http://urgent.github-urgent.click/urgent.php,1
https://github.io/about,0
http://119.7.19.164/login/spotify-account,1
http://goo.gl/x4hp9p5,1
http://t.co/c9jgytk,1
https://github.org/watch?v=abc123,0
http://spotify.com@verify.top/verify,1
http://s1ack-verify.com/login,1
http://goo.gl/mts2dfp,1
http://slack-webscr-497.cf/webscr,1
https://paypal.net/docs/api,0
http://facebook-webscr-345.ru/webscr,1
http://login.adobe-login.xyz/login.php,1
http://confirm.spotify-confirm.click/confirm.php,1
http://microsoft.com@login.cf/login,1
https://www.microsoft.org/contact,0
http://twwitter-verify.com/banking,1
https://dropbox.edu/blog/2024/article,0
http://salesforce.com@account.tk/account,1
http://confirm.salesforce-confirm.xyz/confirm.php,1
http://242.108.124.122/account/instagram-account,1
https://airbnb.co/home,0
https://facebook.co/help/faq,0
https://amazon.co/blog/2024/article,0
https://www.coursera.co,0
https://www.youtube.edu/about,0
http://linkedin-unlock-206.info/unlock,1
http://salesforce.com@billing.gq/billing,1
https://www.microsoft.io/search?q=example,0
http://instagrma-team.com/login,1
https://www.spotify.com,0
http://banking.linkedin-banking.info/banking.php,1
https://www.twitter.com/products,0
http://is.gd/kqmbn7g,1
https://www.microsoft.edu/,0
https://www.wikipedia.co/help/faq,0
https://microsoft.org/watch?v=abc123,0
http://dr0pb0x-verify.com/billing,1
http://is.gd/z3vqicf,1
http://t.co/5i4m9hq,1
https://salesforce.net/user/settings,0
https://www.apple.com,0
https://www.yahoo.io/blog/2024/article,0
https://www.reddit.edu/contact,0
https://airbnb.org/contact,0
https://adobe.com/watch?v=abc123,0
https://www.airbnb.org/pricing,0
http://yahoo-secure-893.click/secure,1
https://www.booking.org/docs/api,0
http://is.gd/wgudgfu,1
https://www.salesforce.edu/search?q=example,0
https://zoom.io/user/settings,0
http://goo.gl/mqv7674,1
https://www.adobe.com,0
http://28.196.60.55/billing/instagram-account,1
http://178.178.252.120/webscr/slack-account,1
https://www.netflix.net/search?q=example,0
https://github.co/contact,0
http://126.242.187.47/suspend/instagram-account,1
https://twitter.net/help/faq,0
http://ap0ple-online.com/login,1
http://tinyurl.com/imkxj96,1
https://youtube.edu/help/faq,0
https://spotify.edu/,0
http://youtube-recover-478.info/recover,1
https://www.ebay.net/,0
https://instagram.co/watch?v=abc123,0
https://airbnb.co/blog/2024/article,0
https://www.instagram.edu/blog/2024/article,0
http://banking.airbnb-banking.ru/banking.php,1
http://cutt.ly/r8vfysx,1
http://yahoo-secure-755.gq/secure,1
http://cutt.ly/rydsu5f,1
https://twitter.co/docs/api,0
http://instagram-verify.com/recover,1
https://www.netflix.edu/about,0
http://booking-unlock-612.info/unlock,1
http://twitter-team.com/update,1
https://adobe.co/home,0
http://login.reddit-login.xyz/login.php,1
https://www.spotify.co/contact,0
http://173.71.195.84/secure/ebay-account,1
http://github-banking-720.ru/banking,1
http://148.189.1.80/signin/netflix-account,1
http://is.gd/z9mzg8w,1
https://zoom.com/blog/2024/article,0
http://ebay.com@recover.gq/recover,1
http://git0hub-online.com/recover,1
http://adobe-verify-849.xyz/verify,1
http://linkedin-signin-789.xyz/signin,1
http://tinyurl.com/cpj7qwt,1
http://ama0zon-alert.com/confirm,1
http://s-alesforce-support.com/billing,1
http://t.co/d846juc,1
https://airbnb.net/search?q=example,0
http://urgent.netflix-urgent.xyz/urgent.php,1
http://adobe.com@billing.gq/billing,1
http://217.128.52.33/banking/facebook-account,1
http://t.co/xd2yt4n,1
http://cutt.ly/7453shg,1
https://microsoft.net/home,0
http://ebayq-verify.com/billing,1
https://www.wikipedia.com,0
https://www.spotify.net/watch?v=abc123,0
https://apple.io/help/faq,0
http://airbnb-confirm-31.xyz/confirm,1
https://www.yahoo.net/pricing,0
https://www.instagram.net/docs/api,0
https://www.github.com/user/settings,0
https://coursera.edu/home,0
https://wikipedia.io/,0
https://www.google.edu/products,0
http://t.co/2i7r5je,1
http://wikipedia-alert-266.ru/alert,1
http://145.229.114.209/billing/paypal-account,1
https://www.salesforce.org/watch?v=abc123,0
http://apple.com@urgent.xyz/urgent,1
http://adobe-suspend-785.gq/suspend,1
http://t.co/h3ejwwd,1
http://spoitfy-verify.com/alert,1
http://adoeb-team.com/banking,1
http://linkedin-account-704.info/account,1
https://facebook.edu/blog/2024/article,0
https://adobe.co/docs/api,0
https://www.coursera.co/about,0
https://www.reddit.co/help/faq,0
https://www.github.net/help/faq,0
http://goo.gl/qwadbwv,1
https://www.airbnb.com/blog/2024/article,0
https://www.coursera.edu/watch?v=abc123,0
http://yahoo-banking-328.click/banking,1
http://wikipedia.com@urgent.ru/urgent,1
http://78.242.94.200/urgent/ebay-account,1
http://giithub-support.com/banking,1
http://adobqe-alert.com/alert,1
https://wikipedia.co/watch?v=abc123,0
https://salesforce.org/help/faq,0
http://microsoft-account-685.info/account,1
https://www.ebay.net/blog/2024/article,0
http://is.gd/ghe8hcd,1
http://appel-security.com/secure,1
https://zoom.org/help/faq,0
http://update.yahoo-update.top/update.php,1
https://airbnb.co/user/settings,0
http://ebay-signin-176.info/signin,1
http://twitter.com@banking.gq/banking,1
http://google-unlock-301.cf/unlock,1
https://linkedin.org,0
https://www.slack.net/blog/2024/article,0
http://google-login-403.click/login,1
https://coursera.io/blog/2024/article,0
https://www.github.io/,0
https://www.google.edu/about,0
https://coursera.com/home,0
http://goo.gl/7z5es4a,1
http://verify.google-verify.gq/verify.php,1
https://coursera.net/blog/2024/article,0
http://ebay-verify.com/suspend,1
http://slac1k-online.com/unlock,1
http://fa-cebook-team.com/login,1
http://adobe-unlock-224.cf/unlock,1
https://www.linkedin.io/watch?v=abc123,0
http://goo.gl/f85c5f2,1
https://www.reddit.org/user/settings,0
http://update.apple-update.tk/update.php,1
https://www.netflix.edu/blog/2024/article,0
https://zoom.com/home,0
https://www.instagram.com/contact,0
https://booking.co/products,0
http://confirm.twitter-confirm.click/confirm.php,1
http://tinyurl.com/davddgr,1
http://paypal-update-291.gq/update,1
https://www.microsoft.co,0
https://www.yahoo.org/search?q=example,0
http://suspend.wikipedia-suspend.info/suspend.php,1
http://login.spotify-login.ru/login.php,1
https://www.linkedin.co/user/settings,0
https://amazon.org/pricing,0
http://webscr.amazon-webscr.xyz/webscr.php,1
https://www.slack.io/help/faq,0
http://amazon.com@secure.top/secure,1
https://paypal.com/help/faq,0
http://github.com@confirm.ru/confirm,1
https://ebay.co/contact,0
http://96.170.38.149/signin/netflix-account,1
http://30.46.119.245/signin/slack-account,1
https://yahoo.net/help/faq,0
http://cutt.ly/23ba6ez,1
https://amazon.com/products,0
http://alert.microsoft-alert.click/alert.php,1
http://facebook.com@update.xyz/update,1
https://www.yahoo.org/home,0
http://salesforce-account-365.xyz/account,1
http://173.85.65.78/update/netflix-account,1
https://www.dropbox.net/pricing,0
https://www.paypal.co/pricing,0
https://www.coursera.edu/,0
https://booking.edu/products,0
http://salesforcqe-security.com/login,1
http://197.76.183.22/confirm/facebook-account,1
http://facebook.com@urgent.ru/urgent,1
http://gooogle-verify.com/billing,1
https://salesforce.com/products,0
http://google.com@verify.top/verify,1
https://www.wikipedia.io/contact,0
https://booking.co/about,0
https://instagram.edu/,0
http://slack.com@signin.gq/signin,1
https://www.apple.co/about,0
https://youtube.co/pricing,0
https://www.zoom.net/pricing,0
http://162.146.101.56/urgent/google-account,1
http://login.facebook-login.click/login.php,1
http://slack-login-54.click/login,1
http://airbnb-verify-100.cf/verify,1
http://tinyurl.com/nupuyzy,1
http://linkedin.com@secure.click/secure,1
http://banking.linkedin-banking.gq/banking.php,1
http://slack-suspend-631.tk/suspend,1
https://twitter.net,0
https://amazon.co/products,0
http://t.co/6vk83qk,1
https://amazon.io/blog/2024/article,0
http://157.129.80.103/unlock/spotify-account,1
http://airbnb-billing-151.ru/billing,1
http://ebay0-security.com/login,1
https://www.apple.edu/,0
http://tinyurl.com/gyx9eq9,1
http://tqwitter-alert.com/recover,1
http://signin.twitter-signin.gq/signin.php,1
https://twitter.edu/watch?v=abc123,0
http://dropbox.com@billing.top/billing,1
http://webscr.airbnb-webscr.top/webscr.php,1
http://230.84.59.200/alert/booking-account,1
https://twitter.io,0
http://alert.coursera-alert.cf/alert.php,1
http://account.amazon-account.top/account.php,1
http://confirm.google-confirm.xyz/confirm.php,1
https://paypal.com/docs/api,0
http://34.103.10.71/verify/linkedin-account,1
http://verify.zoom-verify.click/verify.php,1
https://ebay.edu/help/faq,0
https://www.twitter.io/blog/2024/article,0
https://www.coursera.io/pricing,0
http://reddit.com@verify.top/verify,1
https://www.zoom.com,0
https://www.instagram.edu,0
http://bit.ly/xgfjf5p,1
https://zoom.org/contact,0
http://salesforce.com@verify.top/verify,1
https://www.airbnb.io/blog/2024/article,0
http://goo.gl/jbdztnf,1
http://coursera.com@urgent.gq/urgent,1
https://dropbox.edu/help/faq,0
http://slack-account-463.tk/account,1
https://www.youtube.edu/search?q=example,0
https://google.co/blog/2024/article,0
http://signin.coursera-signin.gq/signin.php,1
http://cutt.ly/3dzvg5w,1
http://is.gd/6t2d8ve,1
http://netflix-alert-762.xyz/alert,1
https://www.linkedin.edu/products,0
https://google.edu/user/settings,0
https://www.apple.net/about,0
http://salefsorce-security.com/verify,1
http://slakc-team.com/billing,1
http://201.240.38.93/unlock/microsoft-account,1
http://is.gd/tzz7pce,1
http://twitter-signin-670.cf/signin,1
http://urgent.facebook-urgent.info/urgent.php,1
http://update.airbnb-update.top/update.php,1
http://verify.youtube-verify.click/verify.php,1
https://google.co/search?q=example,0
https://www.amazon.org/products,0
http://twitter.com@billing.gq/billing,1
https://adobe.edu/pricing,0
http://zoom-account-781.gq/account,1
http://adobe-confirm-862.ru/confirm,1
http://tinyurl.com/iup4ig9,1
https://www.facebook.com/products,0
https://www.slack.org/blog/2024/article,0
https://www.github.edu/about,0
https://www.netflix.edu/user/settings,0
https://www.ebay.edu/blog/2024/article,0
https://www.slack.com/docs/api,0
https://facebook.io/search?q=example,0
http://linkedin-verify-137.info/verify,1
http://reddit-alert-222.tk/alert,1
https://dropbox.edu/watch?v=abc123,0
https://www.booking.org/contact,0
http://t.co/mxhwu7c,1
http://221.61.102.56/webscr/instagram-account,1
http://is.gd/eew2xez,1
http://billing.amazon-billing.gq/billing.php,1
https://www.wikipedia.co/,0
http://github.com@unlock.info/unlock,1
https://www.reddit.org/watch?v=abc123,0
https://www.reddit.io/home,0
http://goo.gl/vz4h4dz,1
http://microsoft-recover-96.tk/recover,1
http://cutt.ly/wt64qd9,1
https://reddit.com/watch?v=abc123,0
http://202.227.29.87/alert/reddit-account,1
http://spoti-fy-support.com/urgent,1
http://gooogle-support.com/suspend,1
https://airbnb.com/search?q=example,0
https://www.adobe.net/help/faq,0
https://www.facebook.net/contact,0
https://zoom.edu/user/settings,0
http://micro0soft-verify.com/account,1
http://booking-verify-616.xyz/verify,1
https://www.google.com/search?q=example,0
http://amazon-alert-77.gq/alert,1
https://www.github.net/watch?v=abc123,0
http://12.14.166.94/unlock/slack-account,1
https://microsoft.co/help/faq,0
http://facebook-confirm-42.ru/confirm,1
http://t.co/5ae5jzr,1
http://instagram0-security.com/signin,1
http://coursera-recover-999.info/recover,1
http://goo.gl/wqaddw7,1
https://www.salesforce.edu/help/faq,0
http://adobe-account-79.gq/account,1
https://www.spotify.io/contact,0
https://slack.org/watch?v=abc123,0
https://dropbox.net/user/settings,0
https://www.microsoft.edu/help/faq,0
https://www.ebay.io/help/faq,0
https://microsoft.io/home,0
https://youtube.org/products,0
http://instagram.com@secure.click/secure,1
http://verify.ebay-verify.top/verify.php,1
http://t.co/k4jhxej,1
http://apple-alert-280.info/alert,1
https://www.paypal.org/help/faq,0
https://booking.net/help/faq,0
https://www.github.co/,0
http://facebook-webscr-40.top/webscr,1
http://goo.gl/zkg93mi,1
https://www.salesforce.io/help/faq,0
http://wikipedia.com@webscr.click/webscr,1
http://amazon-banking-820.gq/banking,1
http://yahoo-account-708.click/account,1
http://amazon.com@webscr.cf/webscr,1
https://www.zoom.org/,0
https://salesforce.net/docs/api,0
https://www.wikipedia.com/pricing,0
https://www.wikipedia.org/,0
http://netflix-recover-260.top/recover,1
https://www.twitter.net/blog/2024/article,0
https://ebay.com/pricing,0
https://reddit.edu,0
https://www.zoom.edu/docs/api,0
http://nextflix-online.com/webscr,1
https://www.instagram.io/,0
http://netfl-ix-online.com/account,1
https://www.ebay.org/watch?v=abc123,0
http://twitter-unlock-733.cf/unlock,1
http://t.co/zdwke5q,1
https://salesforce.com/user/settings,0
https://www.reddit.io/contact,0
https://github.edu/docs/api,0
https://reddit.edu/products,0
https://www.booking.com/contact,0
http://suspend.booking-suspend.tk/suspend.php,1
https://www.dropbox.io/contact,0
http://123.40.63.15/account/apple-account,1
http://google.com@billing.tk/billing,1
http://youtube.com@update.xyz/update,1
http://goo.gl/k73gc9i,1
http://alert.reddit-alert.click/alert.php,1
http://signin.adobe-signin.tk/signin.php,1
https://airbnb.edu/help/faq,0
https://amazon.io/docs/api,0
https://www.linkedin.co/blog/2024/article,0
https://www.zoom.edu/pricing,0
https://www.paypal.io/search?q=example,0
https://coursera.com/about,0
http://36.219.193.184/suspend/airbnb-account,1
https://www.spotify.org/search?q=example,0
https://www.twitter.io/contact,0
http://google.com@urgent.info/urgent,1
http://is.gd/yvyvc4j,1
https://www.zoom.io/pricing,0
http://bit.ly/euvup22,1
https://netflix.edu/watch?v=abc123,0
http://amazon.com@urgent.cf/urgent,1
http://paypal.com@signin.click/signin,1
https://www.reddit.co/search?q=example,0
https://www.netflix.co/docs/api,0
http://156.102.123.169/secure/apple-account,1
http://88.54.209.152/verify/paypal-account,1
https://www.reddit.io/user/settings,0
https://www.amazon.com/blog/2024/article,0
http://105.203.38.8/secure/yahoo-account,1
https://airbnb.com/user/settings,0
http://z00m-security.com/webscr,1
https://www.github.com/home,0
http://tinyurl.com/zx8xx7w,1
http://z-oom-security.com/suspend,1
https://github.net/contact,0
https://www.yahoo.net/user/settings,0
https://www.github.org/docs/api,0
http://alert.reddit-alert.top/alert.php,1
https://www.airbnb.edu/watch?v=abc123,0
https://microsoft.com/contact,0
https://www.paypal.net,0
https://www.linkedin.net/contact,0
https://spotify.net,0
http://112.98.7.247/billing/netflix-account,1
http://adobe.com@update.tk/update,1
https://www.adobe.org/products,0
http://recover.github-recover.top/recover.php,1
https://www.ebay.io/products,0
https://apple.co/blog/2024/article,0
https://paypal.io/about,0
http://182.109.189.153/signin/airbnb-account,1
https://slack.org/help/faq,0
https://amazon.net/pricing,0
http://microsoft-account-502.gq/account,1
https://www.salesforce.io/pricing,0
https://www.twitter.org/pricing,0
http://slack-signin-626.tk/signin,1
http://wikipedia.com@confirm.info/confirm,1
https://linkedin.com/blog/2024/article,0
https://twitter.edu/products,0
https://www.zoom.org/watch?v=abc123,0
http://19.93.10.140/verify/amazon-account,1
https://www.adobe.org/contact,0
https://twitter.edu/,0
http://goo.gl/hjf386u,1
https://www.yahoo.edu/contact,0
https://microsoft.org/pricing,0
https://netflix.org/home,0
http://is.gd/5zkm46v,1
https://www.wikipedia.io/search?q=example,0
https://www.yahoo.io/products,0
https://www.netflix.edu/,0
http://verify.apple-verify.click/verify.php,1
http://confirm.apple-confirm.cf/confirm.php,1
https://adobe.co/about,0
https://twitter.co/watch?v=abc123,0
http://apple-billing-345.top/billing,1
http://li-nkedin-support.com/login,1
http://t.co/xaig5pt,1
https://paypal.co/home,0
http://github-webscr-462.top/webscr,1
http://cutt.ly/99q68rt,1
https://github.co/,0
https://www.amazon.edu/products,0
http://yahoo-alert-564.click/alert,1
http://alert.zoom-alert.xyz/alert.php,1
https://yahoo.net/search?q=example,0
http://231.194.138.2/secure/apple-account,1
https://instagram.com/about,0
http://youtube.com@urgent.ru/urgent,1
http://instagram-suspend-341.top/suspend,1
http://twi-tter-team.com/urgent,1
https://coursera.co/watch?v=abc123,0
https://paypal.io/products,0
http://youtube.com@secure.cf/secure,1
https://netflix.com/contact,0
http://login.linkedin-login.tk/login.php,1
http://github-security.com/banking,1
http://zoom.com@account.ru/account,1
https://coursera.com/help/faq,0
https://airbnb.edu/docs/api,0
http://26.97.251.249/login/microsoft-account,1
http://paypal.com@alert.xyz/alert,1
http://cutt.ly/x3t6nui,1
http://cutt.ly/23t87j9,1
http://2.97.155.134/billing/spotify-account,1
https://www.github.com/pricing,0
https://www.adobe.edu/products,0
http://slack.com@banking.ru/banking,1
http://tinyurl.com/646xrwv,1
http://goo.gl/vsbxnyp,1
https://www.adobe.org/home,0
http://secure.youtube-secure.ru/secure.php,1
https://www.spotify.net/pricing,0
https://www.reddit.org/contact,0
http://alert.adobe-alert.top/alert.php,1
https://apple.co/watch?v=abc123,0
https://www.facebook.edu/help/faq,0
https://www.paypal.com/search?q=example,0
http://instagram-update-82.click/update,1
http://courqsera-team.com/unlock,1
http://account.booking-account.gq/account.php,1
http://is.gd/j38r6pz,1
http://165.202.195.11/account/microsoft-account,1
https://www.yahoo.com,0
http://reddit-support.com/signin,1
https://www.adobe.net/watch?v=abc123,0
http://linkedin.com@urgent.tk/urgent,1
http://41.84.245.133/alert/salesforce-account,1
http://reeddit-alert.com/verify,1
http://is.gd/akmqqzg,1
http://alert.spotify-alert.tk/alert.php,1
http://ebay.com@confirm.xyz/confirm,1
https://www.twitter.net/pricing,0
https://www.adobe.co/about,0
http://amazoon-verify.com/urgent,1
https://yahoo.io/pricing,0
http://47.26.7.137/confirm/instagram-account,1
https://slack.edu/about,0
http://237.77.227.153/secure/spotify-account,1
http://axpple-alert.com/unlock,1
https://yahoo.net/pricing,0
http://bit.ly/q8r5gb8,1
http://in-stagram-security.com/unlock,1
https://slack.io/pricing,0
http://airbnb.com@alert.gq/alert,1
http://facebook-secure-617.tk/secure,1
https://google.net/user/settings,0
https://www.wikipedia.com/products,0
http://t.co/x4qcxd5,1
http://verify.salesforce-verify.gq/verify.php,1
http://update.twitter-update.info/update.php,1
https://ebay.org/watch?v=abc123,0
https://airbnb.com/contact,0
http://244.48.229.57/webscr/amazon-account,1
http://alert.youtube-alert.tk/alert.php,1
https://www.reddit.io/blog/2024/article,0
http://instagram.com@secure.tk/secure,1
http://ebay-verify-421.click/verify,1
http://yahoo-alert-833.click/alert,1
https://www.adobe.edu/,0
https://www.amazon.org/docs/api,0
http://billing.apple-billing.click/billing.php,1
https://dropbox.net/contact,0
https://www.coursera.co/,0
http://air-bnb-verify.com/suspend,1
http://58.15.192.36/recover/instagram-account,1
https://facebook.io/help/faq,0
https://spotify.org/search?q=example,0
http://facebook-banking-757.gq/banking,1
https://www.amazon.io/watch?v=abc123,0
http://213.214.101.14/suspend/apple-account,1
http://yahoo-alert-321.tk/alert,1
http://twitter.com@account.gq/account,1
https://www.adobe.edu/pricing,0
https://www.amazon.co,0
http://cutt.ly/hu9hv6j,1
https://airbnb.io/home,0
https://www.paypal.net/about,0
https://coursera.org/watch?v=abc123,0
http://youtube-webscr-121.cf/webscr,1
http://suspend.amazon-suspend.click/suspend.php,1
https://www.ebay.net/user/settings,0
https://www.salesforce.net/home,0
http://219.40.78.161/alert/slack-account,1
https://www.spotify.com/home,0
http://yahoo.com@billing.ru/billing,1
https://twitter.org/pricing,0
https://www.linkedin.org/blog/2024/article,0
https://www.facebook.edu/user/settings,0
https://salesforce.co/about,0
http://webscr.ebay-webscr.gq/webscr.php,1
https://www.facebook.org,0
http://instagrqam-alert.com/alert,1
https://www.twitter.co/home,0
http://goo.gl/mwcfbsu,1
https://www.linkedin.co/help/faq,0
https://www.adobe.co/blog/2024/article,0
https://facebook.io/docs/api,0
http://237.149.11.35/update/ebay-account,1
http://slack.com@update.click/update,1
http://amaz-on-online.com/webscr,1
https://facebook.com/home,0
http://adobe.com@secure.ru/secure,1
http://27.144.72.184/update/spotify-account,1
https://www.twitter.io/home,0
https://www.slack.edu/home,0
https://yahoo.com/about,0
http://confirm.dropbox-confirm.cf/confirm.php,1
http://netflix-login-72.ru/login,1
https://www.apple.net/user/settings,0
http://urgent.wikipedia-urgent.click/urgent.php,1
https://ebay.org/blog/2024/article,0
http://paypal-login-332.tk/login,1
http://course-ra-alert.com/alert,1
https://www.github.io/products,0
http://bit.ly/kyqy22k,1
http://t.co/ba227mh,1
https://www.ebay.org/home,0
https://www.github.com/help/faq,0
https://coursera.net/search?q=example,0
http://176.53.206.158/banking/apple-account,1
http://verify.microsoft-verify.xyz/verify.php,1
http://cutt.ly/3m3pm7h,1
http://s1ack-security.com/login,1
https://facebook.edu/pricing,0
http://60.117.81.192/account/coursera-account,1
https://www.netflix.edu/help/faq,0
http://linked-in-security.com/billing,1
https://airbnb.org/user/settings,0
http://unlock.facebook-unlock.gq/unlock.php,1
https://www.netflix.co/pricing,0
http://recover.booking-recover.top/recover.php,1
http://cutt.ly/sjp7ree,1
https://www.reddit.io/help/faq,0
https://wikipedia.io,0
https://www.adobe.com/,0
https://airbnb.com/about,0
https://www.youtube.net/watch?v=abc123,0
http://amazon.com@banking.ru/banking,1
https://dropbox.net/help/faq,0
https://airbnb.co/pricing,0
https://www.github.com/about,0
http://t.co/58vrv9m,1
https://www.dropbox.io/user/settings,0
http://goo.gl/qpfzrqs,1
http://t.co/kbxqicf,1
http://yyahoo-security.com/urgent,1
http://netflix.com@account.ru/account,1
https://instagram.io/help/faq,0
https://www.airbnb.org/home,0
http://coursera-suspend-485.cf/suspend,1
https://www.github.co/about,0
https://dropbox.net/home,0
http://217.250.202.20/alert/paypal-account,1
http://goo.gl/y644ysm,1
https://netflix.io/pricing,0
http://sp0tify-online.com/alert,1
http://16.54.59.63/confirm/spotify-account,1
https://www.instagram.org/pricing,0
http://spotxify-alert.com/urgent,1
https://youtube.net/blog/2024/article,0
https://www.wikipedia.net,0
https://twitter.org/help/faq,0
https://salesforce.co,0
https://www.netflix.com/,0
http://goo.gl/jh2hid3,1
https://booking.co/pricing,0
https://www.booking.edu/contact,0
http://236.105.230.118/signin/yahoo-account,1
http://ad0be-security.com/verify,1
http://salesfroce-online.com/secure,1
http://z00m-online.com/webscr,1
http://login.amazon-login.click/login.php,1
http://airbnb.com@account.cf/account,1
https://www.wikipedia.net/watch?v=abc123,0
https://www.paypal.net/user/settings,0
http://tinyurl.com/g99v59s,1
http://120.67.9.237/update/microsoft-account,1
https://www.wikipedia.org/watch?v=abc123,0
http://google.com@webscr.cf/webscr,1
https://slack.net/contact,0
https://microsoft.com/,0
http://t.co/b3ey57h,1
https://www.dropbox.io/,0
http://youztube-team.com/alert,1
http://wikipedia-verify-478.ru/verify,1
http://spotify.com@urgent.top/urgent,1
http://yahoo-alert-778.info/alert,1
http://5.158.52.24/signin/wikipedia-account,1
http://secure.youtube-secure.tk/secure.php,1
https://www.salesforce.co/about,0
http://booking-recover-474.click/recover,1
http://netf-lix-alert.com/banking,1
https://coursera.co/home,0
https://apple.org/blog/2024/article,0
http://goo.gl/kxyizad,1
http://faceb00k-alert.com/verify,1
https://www.youtube.com/about,0
https://netflix.io/search?q=example,0
http://linkedin-login-955.tk/login,1
https://www.netflix.io/search?q=example,0
http://linkedin-verify-887.gq/verify,1
http://bit.ly/tgduq6c,1
http://2.107.251.12/unlock/adobe-account,1
http://slack.com@recover.tk/recover,1
http://cutt.ly/arnneyt,1
https://booking.net/about,0
http://ebay-login-344.xyz/login,1
https://www.booking.co/products,0
http://cutt.ly/3gys43c,1
https://www.wikipedia.edu/search?q=example,0
https://www.yahoo.edu/about,0
http://paypa1-security.com/urgent,1
https://salesforce.net/blog/2024/article,0
http://suspend.yahoo-suspend.click/suspend.php,1
http://81.90.155.168/login/apple-account,1
http://57.169.37.92/recover/yahoo-account,1
https://coursera.org,0
http://wikipedia-team.com/secure,1
https://www.github.net/pricing,0
https://www.reddit.io/docs/api,0
https://www.slack.co/pricing,0
http://instagram.com@urgent.click/urgent,1
http://inst1agram-online.com/suspend,1
http://airbnb-billing-998.top/billing,1
https://www.spotify.edu/about,0
https://ebay.com/home,0
https://netflix.co/about,0
https://www.yahoo.net/docs/api,0
https://www.microsoft.co/docs/api,0
https://www.github.com/,0
https://wikipedia.net/docs/api,0
http://booking.com@confirm.info/confirm,1
https://www.spotify.net/search?q=example,0
http://t.co/rwse5pa,1
http://e-bay-verify.com/webscr,1
http://153.71.136.156/secure/reddit-account,1
https://www.ebay.org/pricing,0
http://salesforce.com@verify.gq/verify,1
https://www.facebook.io/search?q=example,0
http://microsoft-secure-375.info/secure,1
https://google.io/blog/2024/article,0
http://secure.youtube-secure.xyz/secure.php,1
https://facebook.net/search?q=example,0
https://microsoft.io/products,0
https://www.booking.net,0
http://secure.airbnb-secure.top/secure.php,1
http://urgent.spotify-urgent.tk/urgent.php,1
https://apple.io/contact,0
https://slack.com/contact,0
https://google.org/products,0
https://www.paypal.edu/about,0
https://yahoo.com/contact,0
https://booking.io/pricing,0
https://instagram.org/search?q=example,0
https://ebay.edu,0
http://netf1ix-support.com/unlock,1
https://booking.net/contact,0
http://maazon-online.com/webscr,1
http://paypal-confirm-234.xyz/confirm,1
http://banking.zoom-banking.tk/banking.php,1
https://www.netflix.io,0
https://www.slack.com/home,0
https://www.netflix.org,0
https://instagram.com/home,0
http://t.co/rq4q7fj,1
https://www.salesforce.org/search?q=example,0
https://linkedin.org/about,0
https://www.twitter.io/pricing,0
http://goo.gl/mjqtg6z,1
http://goo.gl/px8udqd,1
http://paypa1-online.com/urgent,1
https://booking.com/docs/api,0
https://booking.com/watch?v=abc123,0
https://amazon.org/search?q=example,0
http://bit.ly/mcadjgu,1
https://slack.edu/pricing,0
http://booking.com@urgent.click/urgent,1
http://73.202.220.129/unlock/github-account,1
https://www.microsoft.com/home,0
http://signin.microsoft-signin.click/signin.php,1
http://yah00-security.com/suspend,1
https://airbnb.edu/pricing,0
https://reddit.net/,0
http://slack-account-338.info/account,1
https://facebook.edu/products,0
https://zoom.co/contact,0
http://t.co/zpfsrq8,1
https://www.coursera.com/user/settings,0
http://login.wikipedia-login.tk/login.php,1
http://booking-alert-544.tk/alert,1
http://apple-urgent-153.tk/urgent,1
https://www.linkedin.net/watch?v=abc123,0
http://91.135.154.200/urgent/booking-account,1
https://www.wikipedia.org,0
https://www.booking.co/,0
https://linkedin.com,0
https://www.microsoft.co/about,0
http://twitter.com@alert.gq/alert,1
https://www.adobe.co/watch?v=abc123,0
http://linkedin-urgent-798.gq/urgent,1
http://goo.gl/pf3dq4f,1
http://dropbox-recover-827.xyz/recover,1
http://wikipedia.com@update.top/update,1
https://amazon.net/user/settings,0
https://dropbox.com,0
http://yahoo-recover-439.top/recover,1
http://101.176.156.49/recover/twitter-account,1
http://microsoft.com@suspend.click/suspend,1
https://www.facebook.co/home,0
https://www.wikipedia.org/products,0
http://googgle-security.com/account,1
http://dropbox-billing-580.info/billing,1
https://twitter.io/contact,0
https://facebook.com/products,0
http://verify.apple-verify.tk/verify.php,1
https://www.netflix.com/docs/api,0
https://paypal.org/about,0
http://banking.twitter-banking.xyz/banking.php,1
http://51.75.242.161/billing/ebay-account,1
http://faceboook-team.com/secure,1
https://facebook.com/help/faq,0
http://ebzay-team.com/secure,1
https://zoom.org/watch?v=abc123,0
https://www.yahoo.org/watch?v=abc123,0
https://amazon.com/help/faq,0
https://www.spotify.com/user/settings,0
http://61.75.11.164/banking/youtube-account,1
https://apple.org/watch?v=abc123,0
https://github.org/contact,0
http://245.145.16.204/login/apple-account,1
http://goo.gl/bwuh7ia,1
http://recover.apple-recover.gq/recover.php,1
http://goo.gl/ryva9wd,1
https://ebay.net/contact,0
http://linkedin.com@urgent.gq/urgent,1
http://12.210.5.146/verify/paypal-account,1
https://www.ebay.org/help/faq,0
https://www.salesforce.io/user/settings,0
http://airnbb-alert.com/urgent,1
https://google.net/help/faq,0
https://netflix.com/about,0
https://linkedin.io/contact,0
http://is.gd/6fmembr,1
http://is.gd/3m88rxy,1
http://t.co/zaga34s,1
http://signin.slack-signin.gq/signin.php,1
http://bit.ly/xczu8zy,1
http://123.145.28.165/account/ebay-account,1
https://www.instagram.net/home,0
https://www.facebook.net/about,0
http://webscr.ebay-webscr.cf/webscr.php,1
https://www.dropbox.net/blog/2024/article,0
https://www.adobe.edu/search?q=example,0
https://ebay.net/blog/2024/article,0
https://www.slack.edu/contact,0
https://www.dropbox.org/help/faq,0
https://www.airbnb.org/,0
http://amazo-n-verify.com/login,1
http://adobe.com@alert.top/alert,1
https://airbnb.io/watch?v=abc123,0
https://adobe.io/blog/2024/article,0
https://www.twitter.co/pricing,0
http://fzacebook-online.com/login,1
http://verify.slack-verify.gq/verify.php,1
http://account.yahoo-account.top/account.php,1
https://youtube.edu/products,0
https://www.twitter.edu/docs/api,0
https://www.booking.edu/search?q=example,0
http://zoo-m-verify.com/signin,1
https://microsoft.org/about,0
http://login.linkedin-login.cf/login.php,1
https://www.youtube.com/pricing,0
http://spotify.com@account.gq/account,1
http://facebook.com@update.gq/update,1
https://amazon.edu/contact,0
http://llinkedin-verify.com/update,1
http://ebay.com@account.cf/account,1
http://bit.ly/wj3ptgn,1
https://www.github.co/search?q=example,0
https://facebook.net/help/faq,0
http://59.47.10.121/login/wikipedia-account,1
http://booking-login-357.cf/login,1
http://webscr.github-webscr.tk/webscr.php,1
https://microsoft.edu/pricing,0
http://apple-secure-795.top/secure,1
http://recover.zoom-recover.xyz/recover.php,1
http://reddit.com@secure.info/secure,1
https://www.netflix.edu/contact,0
http://twitter-secure-25.xyz/secure,1
https://amazon.edu/products,0
https://www.spotify.edu/search?q=example,0
http://xmicrosoft-verify.com/urgent,1
https://coursera.org/docs/api,0
https://ebay.co/watch?v=abc123,0
http://paypa1-verify.com/update,1
https://www.netflix.com/about,0
http://billing.yahoo-billing.click/billing.php,1
http://t.co/wubzgy2,1
https://www.google.co/contact,0
https://booking.com/pricing,0
http://zzoom-alert.com/suspend,1
https://www.zoom.edu/products,0
http://billing.google-billing.click/billing.php,1
http://verify.salesforce-verify.tk/verify.php,1
http://paypa1-team.com/alert,1
https://www.yahoo.net/blog/2024/article,0
http://booking.com@signin.tk/signin,1
https://dropbox.co/products,0
https://dropbox.com/user/settings,0
http://186.224.62.45/account/ebay-account,1
http://z00m-support.com/verify,1
https://www.linkedin.com/about,0
https://www.microsoft.com/products,0
http://suspend.facebook-suspend.tk/suspend.php,1
https://amazon.net/search?q=example,0
http://is.gd/9dfp25c,1
https://airbnb.org/products,0
https://microsoft.co/user/settings,0
https://www.paypal.net/blog/2024/article,0
http://17.57.246.226/alert/slack-account,1
https://www.linkedin.org/watch?v=abc123,0
http://verify.slack-verify.click/verify.php,1
https://youtube.co/blog/2024/article,0
https://wikipedia.org/pricing,0
https://www.spotify.co/,0
https://twitter.co/,0
http://cutt.ly/n3mqw5c,1
https://booking.net/watch?v=abc123,0
http://129.165.29.206/webscr/twitter-account,1
http://youtube-billing-355.xyz/billing,1
https://salesforce.co/docs/api,0
http://salesforce.com@secure.gq/secure,1
http://paypal.com@update.tk/update,1
https://netflix.io/help/faq,0
http://1amazon-team.com/banking,1
http://netflix.com@secure.ru/secure,1
https://facebook.net/about,0
https://salesforce.net/home,0
https://www.spotify.net/blog/2024/article,0
http://254.223.135.253/webscr/apple-account,1
http://booxking-online.com/signin,1
http://yahozo-online.com/confirm,1
http://t.co/86bhvhs,1
https://www.facebook.io/user/settings,0
https://www.ebay.com/products,0
http://133.248.39.190/unlock/twitter-account,1
http://cutt.ly/km2cbgt,1
https://amazon.edu/help/faq,0
https://spotify.com/blog/2024/article,0
https://www.yahoo.io,0
https://zoom.org/products,0
http://signin.facebook-signin.xyz/signin.php,1
https://dropbox.net/docs/api,0
https://www.github.io/contact,0
http://airbnb.com@unlock.xyz/unlock,1
http://tinyurl.com/a2r9vmr,1
https://youtube.org/home,0
https://netflix.co/blog/2024/article,0
https://www.paypal.co/contact,0
http://reddit-verify-341.top/verify,1
http://bit.ly/f9qiurm,1
https://www.apple.co/watch?v=abc123,0
https://amazon.co/pricing,0
http://is.gd/dhfxk9x,1
http://goo.gl/84p5j9c,1
http://airb-nb-alert.com/banking,1
http://bit.ly/e5t93cd,1
http://confirm.coursera-confirm.top/confirm.php,1
https://www.microsoft.net/pricing,0
http://account.reddit-account.top/account.php,1
http://t.co/5nad7kz,1
http://is.gd/vtjrruv,1
http://dropbox-alert-610.gq/alert,1
https://www.dropbox.net/search?q=example,0
http://lsack-team.com/secure,1
http://banking.salesforce-banking.click/banking.php,1
http://linkedin-urgent-393.tk/urgent,1
https://booking.edu/search?q=example,0
http://ebay-banking-809.click/banking,1
https://www.dropbox.io/docs/api,0
http://signin.zoom-signin.ru/signin.php,1
https://yahoo.edu/help/faq,0
https://github.co/products,0
https://www.salesforce.co/home,0
https://reddit.net/watch?v=abc123,0
http://127.47.118.48/verify/paypal-account,1
http://signin.salesforce-signin.ru/signin.php,1
https://www.github.com/search?q=example,0
http://google-security.com/recover,1
http://account.amazon-account.xyz/account.php,1
https://www.microsoft.edu/search?q=example,0
https://www.yahoo.org/,0
https://salesforce.net/contact,0
http://amazon.com@update.tk/update,1
http://tinyurl.com/4bpykz2,1
http://aslesforce-alert.com/account,1
http://account.facebook-account.click/account.php,1
http://cutt.ly/vnri2di,1
http://paypal-recover-615.ru/recover,1
http://189.209.92.230/urgent/paypal-account,1
https://twitter.com/user/settings,0
http://microsoft.com@suspend.info/suspend,1
https://www.linkedin.net/user/settings,0
https://www.yahoo.com/user/settings,0
https://www.apple.org/help/faq,0
https://paypal.net/contact,0
https://www.twitter.com/,0
http://bit.ly/gbxur7b,1
https://www.reddit.co/,0
http://paypal.com@billing.tk/billing,1
https://www.linkedin.io/,0
http://twitter-account-112.top/account,1
http://amazonq-verify.com/banking,1
https://salesforce.com/about,0
https://www.airbnb.io/docs/api,0
http://t.co/xxkscmw,1
https://instagram.org/about,0
http://ebay.com@confirm.ru/confirm,1
http://slack-account-144.cf/account,1
http://e-bay-online.com/signin,1
http://billing.ebay-billing.click/billing.php,1
https://dropbox.io,0
https://instagram.net/blog/2024/article,0
http://linkedin-verify-792.cf/verify,1
https://dropbox.co/search?q=example,0
https://www.salesforce.com/docs/api,0
http://alert.twitter-alert.click/alert.php,1
https://www.instagram.edu/watch?v=abc123,0
https://booking.com/help/faq,0
https://www.linkedin.com/search?q=example,0
http://ebay.com@banking.info/banking,1
https://www.adobe.org/docs/api,0
https://facebook.co/docs/api,0
https://www.coursera.co/user/settings,0
https://twitter.org/about,0
http://secure.dropbox-secure.ru/secure.php,1
https://linkedin.net/docs/api,0
http://urgent.github-urgent.gq/urgent.php,1
https://www.booking.org/products,0
http://cutt.ly/3k4x6bw,1
http://spotify0-team.com/urgent,1
http://webscr.zoom-webscr.ru/webscr.php,1
http://cutt.ly/6n44hus,1
http://coursera-alert-493.tk/alert,1
https://linkedin.org/pricing,0
https://www.booking.net/,0
http://tinyurl.com/uw29ipi,1
http://189.197.244.209/webscr/linkedin-account,1
https://www.slack.co/contact,0
http://drobpox-online.com/secure,1
http://is.gd/a2ce73u,1
https://www.microsoft.edu/about,0
http://booking-recover-70.ru/recover,1
https://instagram.edu/blog/2024/article,0
http://netflix-signin-333.top/signin,1
https://linkedin.edu/help/faq,0
https://www.coursera.net/home,0
http://update.coursera-update.ru/update.php,1
https://facebook.io/blog/2024/article,0
https://www.linkedin.io,0
https://www.google.net/blog/2024/article,0
http://apple-recover-549.ru/recover,1
http://132.30.19.230/webscr/google-account,1
https://instagram.co/help/faq,0
http://spotify-billing-38.top/billing,1
http://tinyurl.com/dhikmb6,1
http://17.82.88.155/account/reddit-account,1
http://nnetflix-team.com/alert,1
https://reddit.co/docs/api,0
https://www.facebook.net/docs/api,0
https://www.netflix.co/about,0
https://ebay.net/,0
http://verify.amazon-verify.gq/verify.php,1
http://is.gd/9c76fpy,1
http://account.instagram-account.gq/account.php,1
https://yahoo.com/products,0
https://www.adobe.io/pricing,0
https://github.org/products,0
https://ebay.com/docs/api,0
http://linked-in-team.com/urgent,1
https://www.dropbox.io/about,0
http://airbnb-unlock-770.cf/unlock,1
https://zoom.net/pricing,0
https://www.zoom.edu/search?q=example,0
http://microsoft.com@confirm.tk/confirm,1
http://cutt.ly/szrs96y,1
http://youtube.com@recover.xyz/recover,1
http://lin-kedin-security.com/confirm,1
http://netf1ix-team.com/secure,1
https://amazon.org/watch?v=abc123,0
https://www.twitter.edu/,0
https://salesforce.co/,0
https://www.amazon.net/home,0
https://www.facebook.co/products,0
https://www.apple.io/blog/2024/article,0
http://amazon.com@billing.ru/billing,1
https://wikipedia.com/watch?v=abc123,0
https://reddit.org/pricing,0
http://app-le-security.com/suspend,1
http://fac-ebook-support.com/unlock,1
http://bo-oking-online.com/account,1
http://netflix.com@banking.tk/banking,1
http://149.46.67.44/login/dropbox-account,1
https://booking.org/about,0
https://www.dropbox.edu,0
https://adobe.co/help/faq,0
https://amazon.net/home,0
http://amazon-recover-983.info/recover,1
http://twitxter-team.com/unlock,1
https://www.slack.io/docs/api,0
http://yahoo.com@update.ru/update,1
https://spotify.net/home,0
http://webscr.ebay-webscr.xyz/webscr.php,1
http://signin.booking-signin.xyz/signin.php,1
https://coursera.co/search?q=example,0
https://www.instagram.edu/about,0
https://dropbox.co/blog/2024/article,0
http://billing.yahoo-billing.info/billing.php,1
http://coursera.com@alert.info/alert,1
https://www.dropbox.io/products,0
http://spootify-support.com/secure,1
http://microsoft.com@update.cf/update,1
https://salesforce.com/blog/2024/article,0
https://www.slack.org/,0
http://163.9.214.204/secure/google-account,1
http://pa-ypal-security.com/login,1
https://www.apple.io/,0
https://www.paypal.co/docs/api,0
http://dropbox-billing-160.top/billing,1
https://google.com/docs/api,0
https://microsoft.net/help/faq,0
https://coursera.edu,0
https://www.google.com/products,0
http://recover.netflix-recover.ru/recover.php,1
https://adobe.io/pricing,0
http://instagram.com@signin.info/signin,1
http://suspend.paypal-suspend.gq/suspend.php,1
https://www.reddit.org/search?q=example,0
https://www.booking.net/products,0
https://www.slack.com/pricing,0
https://www.github.org/blog/2024/article,0
http://74.47.250.45/banking/airbnb-account,1
http://cutt.ly/6stgsjk,1
http://cutt.ly/yibuayr,1
https://reddit.com/products,0
http://microsoft.com@alert.gq/alert,1
https://www.ebay.io/home,0
https://coursera.edu/help/faq,0
http://goo.gl/gbrbidq,1
http://is.gd/dm2s2pf,1
https://amazon.org/contact,0
http://reddit-update-224.click/update,1
https://booking.co/blog/2024/article,0
http://netflix.com@login.click/login,1
http://co-ursera-team.com/recover,1
http://yahoo.com@signin.tk/signin,1
https://zoom.edu/contact,0
https://www.reddit.com/pricing,0
http://63.225.58.113/update/airbnb-account,1
https://google.org/help/faq,0
https://www.yahoo.edu/,0
http://linkedin-confirm-135.ru/confirm,1
http://paypa1-security.com/billing,1
https://www.google.co/search?q=example,0
http://zoom.com@urgent.ru/urgent,1
https://yahoo.edu,0
https://instagram.edu/pricing,0
https://yahoo.com/home,0
https://www.salesforce.net/contact,0
http://github-verify-339.top/verify,1
https://www.booking.io/user/settings,0
http://wikipeddia-security.com/recover,1
http://yahoo-secure-491.top/secure,1
http://microsoft-login-667.info/login,1
http://is.gd/ubbktqj,1
http://webscr.yahoo-webscr.tk/webscr.php,1
https://instagram.com/blog/2024/article,0
http://courserax-online.com/unlock,1
http://banking.slack-banking.tk/banking.php,1
https://salesforce.org,0
https://ebay.net/search?q=example,0
http://173.195.26.3/webscr/paypal-account,1
https://twitter.org/home,0
https://reddit.org/blog/2024/article,0
https://yahoo.co/about,0
http://facebook-update-990.tk/update,1
https://www.salesforce.org/docs/api,0
http://linkedin.com@billing.tk/billing,1
https://youtube.net/about,0
http://apple.com@confirm.click/confirm,1
http://g00g1e-online.com/urgent,1
https://zoom.net/help/faq,0
http://course0ra-support.com/billing,1
https://www.dropbox.io/search?q=example,0
http://bit.ly/fey8r5u,1
https://google.com/,0
https://www.github.io/help/faq,0
http://goo.gl/8qzi9m5,1
https://youtube.co/watch?v=abc123,0
https://www.coursera.edu/docs/api,0
https://github.co/pricing,0
http://recover.facebook-recover.cf/recover.php,1
https://dropbox.io/help/faq,0
https://microsoft.io,0
http://dropbox.com@update.xyz/update,1
https://google.net/,0
https://www.wikipedia.com/home,0
https://www.salesforce.io/products,0
http://slack.com@urgent.top/urgent,1
https://instagram.org/docs/api,0
http://bit.ly/5kiddfe,1
https://www.github.net/search?q=example,0
http://dropbox.com@suspend.xyz/suspend,1
http://is.gd/u9az4ce,1
https://www.zoom.net/docs/api,0
http://go-ogle-security.com/webscr,1
https://www.amazon.co/pricing,0
http://urgent.twitter-urgent.info/urgent.php,1
https://reddit.com/docs/api,0
http://tinyurl.com/8m8vpdu,1
http://4.153.183.18/verify/amazon-account,1
https://www.spotify.com/help/faq,0
https://www.facebook.co/user/settings,0
https://twitter.org/search?q=example,0
https://www.zoom.co/home,0
https://airbnb.co,0
http://twitter-signin-108.gq/signin,1
http://spotify-recover-788.click/recover,1
http://dropbox-recover-251.ru/recover,1
https://www.ebay.io/search?q=example,0
https://www.microsoft.org/home,0
http://amazon.com@signin.tk/signin,1
http://urgent.amazon-urgent.cf/urgent.php,1
http://youtube.com@recover.click/recover,1
http://spotify.com@confirm.info/confirm,1
http://ebay-verify-252.xyz/verify,1
http://secure.google-secure.cf/secure.php,1
https://yahoo.io/watch?v=abc123,0
https://www.google.net/user/settings,0
https://coursera.org/user/settings,0
https://salesforce.io/watch?v=abc123,0
https://coursera.com/blog/2024/article,0
https://www.twitter.edu/help/faq,0
https://microsoft.org/blog/2024/article,0
https://yahoo.com/user/settings,0
http://49.12.55.78/webscr/wikipedia-account,1
https://www.booking.net/home,0
https://www.ebay.com/,0
https://www.zoom.net/search?q=example,0
http://twitter.com@unlock.tk/unlock,1
http://52.78.42.109/update/slack-account,1
https://adobe.edu,0
http://106.56.142.188/account/github-account,1
https://www.youtube.io/products,0
https://apple.io/watch?v=abc123,0
http://69.142.31.44/urgent/apple-account,1
https://www.amazon.io/home,0
http://wikipedia-account-862.xyz/account,1
https://wikipedia.io/products,0
https://www.linkedin.com/docs/api,0
https://www.facebook.net/blog/2024/article,0
http://goo.gl/rbj9rw7,1
http://microsoft-login-580.tk/login,1
http://97.41.146.103/confirm/amazon-account,1
https://youtube.io/products,0
https://www.spotify.net/,0
http://ggoogle-support.com/signin,1
https://slack.net/pricing,0
https://microsoft.edu/search?q=example,0
https://zoom.edu/help/faq,0
http://228.218.248.230/suspend/coursera-account,1
https://www.twitter.com/watch?v=abc123,0
http://rdedit-support.com/confirm,1
http://webscr.ebay-webscr.top/webscr.php,1
https://zoom.net/home,0
https://twitter.net/docs/api,0
https://facebook.org/blog/2024/article,0
https://www.amazon.edu,0
http://facebook.com@verify.cf/verify,1
https://slack.com/,0
https://www.linkedin.com/watch?v=abc123,0
http://youtube.com@unlock.cf/unlock,1
http://cutt.ly/z4mu2az,1
http://goo.gl/y5tv6f8,1
http://reddit.com@banking.gq/banking,1
http://goo.gl/a8v4x8y,1
https://www.linkedin.edu/watch?v=abc123,0
https://www.instagram.io/contact,0
http://verify.microsoft-verify.cf/verify.php,1
http://faccebook-support.com/secure,1
https://www.reddit.net/search?q=example,0
http://secure.github-secure.xyz/secure.php,1
http://instagram.com@urgent.gq/urgent,1
https://facebook.net/docs/api,0
https://www.spotify.edu/pricing,0
http://tinyurl.com/39p6euc,1
https://ebay.co/about,0
https://www.yahoo.net,0
http://cutt.ly/j7xxy6r,1
http://25.18.199.179/login/paypal-account,1
https://www.google.com,0
http://64.251.154.199/update/booking-account,1
https://www.booking.io/contact,0
https://www.netflix.org/docs/api,0
https://google.edu/help/faq,0
http://alert.amazon-alert.cf/alert.php,1
http://107.169.34.71/billing/google-account,1
http://reddit.com@unlock.cf/unlock,1
http://bit.ly/89f46se,1
http://t.co/knqbt5j,1
http://ebay-suspend-758.gq/suspend,1
http://droopbox-alert.com/unlock,1
http://coursera.com@secure.gq/secure,1
http://bit.ly/k5i5wzk,1
https://www.github.net/products,0
https://www.slack.com,0
http://is.gd/uvjap6z,1
https://youtube.net/docs/api,0
http://paypal-secure-750.info/secure,1
https://paypal.co,0
https://adobe.edu/,0
https://spotify.co/user/settings,0
http://68.121.39.125/update/slack-account,1
https://www.ebay.com/home,0
https://www.coursera.net/pricing,0
http://paypal.com@webscr.info/webscr,1
https://www.netflix.io/contact,0
http://twitter.com@login.tk/login,1
http://google-urgent-831.tk/urgent,1
https://www.zoom.io/search?q=example,0
https://www.wikipedia.edu/docs/api,0
http://wik-ipedia-team.com/unlock,1
http://zoom.com@update.ru/update,1
http://micorsoft-alert.com/billing,1
https://youtube.org/user/settings,0
http://tinyurl.com/fr38rht,1
https://zoom.io/products,0
https://netflix.net/user/settings,0
https://slack.io/,0
http://reddit-login-474.top/login,1
https://www.dropbox.edu/about,0
http://dropbox.com@unlock.info/unlock,1
https://www.salesforce.net/search?q=example,0
https://coursera.io/products,0
http://yahoo-unlock-52.cf/unlock,1
https://www.amazon.co/search?q=example,0
https://amazon.com,0
http://liknedin-support.com/update,1
https://microsoft.net/products,0
http://account.booking-account.click/account.php,1
http://urgent.dropbox-urgent.tk/urgent.php,1
http://165.73.83.205/billing/youtube-account,1
http://35.70.224.203/unlock/microsoft-account,1
http://webscr.paypal-webscr.click/webscr.php,1
http://50.8.63.205/secure/amazon-account,1
http://94.86.78.29/webscr/microsoft-account,1
https://apple.io/blog/2024/article,0
https://ebay.net/products,0
http://apple.com@login.click/login,1
https://www.youtube.org/contact,0
https://facebook.org/watch?v=abc123,0
https://www.twitter.org/home,0
http://wikipedia-support.com/billing,1
http://airbnb-webscr-724.click/webscr,1
https://google.edu/blog/2024/article,0
https://apple.net/home,0
https://wikipedia.edu,0
https://salesforce.org/pricing,0
https://www.instagram.org/user/settings,0
http://s1ack-team.com/billing,1
http://yazhoo-support.com/urgent,1
https://www.twitter.net/products,0
http://goo.gl/4g2iayb,1
http://reddit-billing-520.click/billing,1
http://cutt.ly/srsbzb7,1
http://booking-login-290.info/login,1
https://paypal.net/products,0
https://www.salesforce.org/about,0
https://www.apple.net/watch?v=abc123,0
http://unlock.spotify-unlock.tk/unlock.php,1
http://banking.linkedin-banking.xyz/banking.php,1
http://bit.ly/cf7zd2d,1
https://www.yahoo.net/home,0
http://bit.ly/pgs6p7a,1
http://is.gd/gsfz4ai,1
http://184.207.133.242/login/coursera-account,1
https://yahoo.org/docs/api,0
http://banking.adobe-banking.cf/banking.php,1
https://adobe.edu/home,0
http://195.72.175.236/login/booking-account,1
http://urgent.slack-urgent.gq/urgent.php,1
https://netflix.co,0
http://amazon-secure-658.top/secure,1
http://zoom-suspend-938.ru/suspend,1
https://google.io/search?q=example,0
http://salesforce.com@webscr.click/webscr,1
http://dropbox.com@billing.gq/billing,1
https://booking.co/,0
http://unlock.amazon-unlock.ru/unlock.php,1
https://www.slack.com/watch?v=abc123,0
https://paypal.net/search?q=example,0
https://www.google.co/,0
https://www.twitter.com/docs/api,0
https://www.amazon.co/watch?v=abc123,0
https://facebook.net/user/settings,0
http://airbnb.com@signin.top/signin,1
http://138.169.251.223/login/microsoft-account,1
http://google-secure-958.info/secure,1
http://slack-suspend-474.tk/suspend,1
http://microsoft-recover-889.cf/recover,1
http://billing.zoom-billing.top/billing.php,1
http://boooking-verify.com/recover,1
https://www.salesforce.org/blog/2024/article,0
http://goo.gl/b5qbvmp,1
http://webscr.salesforce-webscr.top/webscr.php,1
http://109.20.141.66/suspend/booking-account,1
http://airb-nb-support.com/update,1
http://cutt.ly/59n9qiq,1
http://salesforce.com@webscr.top/webscr,1
https://www.facebook.com/,0
https://www.instagram.co,0
https://adobe.net/home,0
https://www.salesforce.io,0
http://82.133.41.112/unlock/reddit-account,1
https://www.booking.org,0
http://app-le-alert.com/webscr,1
https://dropbox.io/search?q=example,0
https://www.spotify.edu,0
http://goo.gl/ypik9r9,1
https://airbnb.com/blog/2024/article,0
http://cutt.ly/b34zbn7,1
https://amazon.io,0
http://instagram-alert-99.top/alert,1
http://t.co/iyu9nnu,1
http://226.161.138.75/confirm/twitter-account,1
http://unlock.booking-unlock.tk/unlock.php,1
http://0paypal-online.com/secure,1
http://t.co/xsjtfrc,1
http://suspend.ebay-suspend.cf/suspend.php,1
https://www.spotify.co/home,0
http://slack-suspend-119.ru/suspend,1
https://github.edu/search?q=example,0
https://www.dropbox.net/contact,0
http://login.slack-login.info/login.php,1
https://reddit.net/pricing,0
http://facebook.com@billing.tk/billing,1
https://www.google.io/contact,0
https://slack.edu/user/settings,0
https://airbnb.edu/,0
https://www.linkedin.io/help/faq,0
http://instagram.com@account.cf/account,1
https://www.ebay.edu/about,0
http://airbnb-webscr-723.click/webscr,1
http://urgent.twitter-urgent.cf/urgent.php,1
http://netflix.com@banking.click/banking,1
https://twitter.org/watch?v=abc123,0
http://1reddit-team.com/suspend,1
https://coursera.edu/docs/api,0
http://gihtub-verify.com/verify,1
https://www.microsoft.co/search?q=example,0
http://amazon-billing-247.cf/billing,1
http://tinyurl.com/wvev9vz,1
https://salesforce.edu/products,0
https://www.booking.co/user/settings,0
https://www.twitter.co/help/faq,0
http://86.87.166.232/webscr/yahoo-account,1
https://www.youtube.net/contact,0
https://zoom.co/user/settings,0
http://instagram-unlock-662.top/unlock,1
https://www.google.edu/,0
https://facebook.net/products,0
https://www.twitter.io,0
https://youtube.com/about,0
https://www.yahoo.io/,0
http://bit.ly/zxpsrn3,1
http://twitter-unlock-270.click/unlock,1
http://youttube-support.com/billing,1
https://google.org/,0
http://ebayy-team.com/login,1
https://www.amazon.org/about,0
https://adobe.io/contact,0
http://230.57.77.50/alert/linkedin-account,1
http://goo.gl/x8rxnyd,1
http://53.79.104.161/webscr/google-account,1
http://login.slack-login.tk/login.php,1
http://17.169.209.72/update/ebay-account,1
http://spotify-unlock-935.gq/unlock,1
http://zoom.com@billing.click/billing,1
http://214.217.31.15/signin/facebook-account,1
http://lsack-alert.com/banking,1
https://reddit.org/docs/api,0
http://apple.com@billing.tk/billing,1
https://netflix.org/products,0
http://tinyurl.com/8kdu7yt,1
http://reddit-verify-72.info/verify,1
https://dropbox.com/help/faq,0
http://secure.facebook-secure.top/secure.php,1
https://www.microsoft.io/home,0
https://www.instagram.com/home,0
https://linkedin.org/products,0
https://wikipedia.com/help/faq,0
https://salesforce.co/watch?v=abc123,0
http://goo.gl/z4byv5i,1
https://www.google.org/products,0
http://t.co/tt3rsuy,1
http://account.amazon-account.cf/account.php,1
http://github.com@update.xyz/update,1
https://apple.org/help/faq,0
http://urgent.spotify-urgent.cf/urgent.php,1
https://www.adobe.org/help/faq,0
http://instagram-alert-198.info/alert,1
http://22.191.74.142/login/adobe-account,1
https://www.netflix.com/pricing,0
https://amazon.co/home,0
http://coursera.com@login.info/login,1
http://unlock.reddit-unlock.gq/unlock.php,1
http://micr0s0ft-security.com/secure,1
https://www.netflix.net/contact,0
http://47.196.25.154/alert/coursera-account,1
https://www.apple.net/docs/api,0
http://microsoft.com@suspend.gq/suspend,1
https://dropbox.io/about,0
https://ebay.edu/watch?v=abc123,0
http://tinyurl.com/uqvpqp3,1
http://ebay-verify-336.top/verify,1
https://paypal.io/search?q=example,0
http://179.79.2.253/signin/booking-account,1
https://www.zoom.edu/about,0
http://suspend.spotify-suspend.gq/suspend.php,1
http://netflix-confirm-290.xyz/confirm,1
http://t.co/ziyui3w,1
http://zoom-update-966.ru/update,1
https://amazon.io/home,0
http://bit.ly/4ec4xq8,1
http://goo.gl/wgdcv5a,1
https://facebook.co/contact,0
https://youtube.net/,0
https://www.apple.org/,0
http://urgent.booking-urgent.gq/urgent.php,1
https://airbnb.net/watch?v=abc123,0
https://www.coursera.net/search?q=example,0
http://confirm.dropbox-confirm.info/confirm.php,1
https://www.linkedin.net/pricing,0
https://dropbox.org/watch?v=abc123,0
http://217.6.194.241/login/google-account,1
http://login.slack-login.xyz/login.php,1
http://41.166.108.101/billing/reddit-account,1
http://instagraam-security.com/webscr,1
https://slack.org/products,0
http://amazon-unlock-234.top/unlock,1
http://adobe.com@account.cf/account,1
https://www.adobe.org/blog/2024/article,0
https://www.google.com/user/settings,0
http://account.coursera-account.top/account.php,1
http://42.139.112.98/suspend/dropbox-account,1
https://coursera.edu/pricing,0
https://www.youtube.net/help/faq,0
http://confirm.paypal-confirm.info/confirm.php,1
http://yahoo-alert-13.ru/alert,1
http://signin.google-signin.click/signin.php,1
https://www.yahoo.co/,0
https://www.spotify.com/watch?v=abc123,0
https://wikipedia.io/search?q=example,0
https://dropbox.io/home,0
https://wikipedia.com/user/settings,0
http://faceboxok-team.com/account,1
https://zoom.co/about,0
http://11.82.148.33/verify/linkedin-account,1
https://www.youtube.co/watch?v=abc123,0
http://google-signin-576.click/signin,1
http://zoom-update-338.info/update,1
https://salesforce.com/,0
https://linkedin.edu/about,0
https://ebay.edu/contact,0
http://paypal.com@urgent.cf/urgent,1
https://www.dropbox.co/,0
https://www.ebay.net/home,0
http://reddit-confirm-71.xyz/confirm,1
https://www.twitter.io/search?q=example,0
http://billing.zoom-billing.tk/billing.php,1
https://netflix.io/blog/2024/article,0
https://github.io/contact,0
http://instagram-secure-738.info/secure,1
http://b00king-online.com/alert,1
http://netxflix-verify.com/update,1
http://confirm.apple-confirm.top/confirm.php,1
https://www.apple.net/,0
https://www.booking.com/user/settings,0
http://38.82.38.100/alert/coursera-account,1
http://amazoon-team.com/verify,1
https://www.slack.net/search?q=example,0
http://twtiter-alert.com/alert,1
http://tinyurl.com/9gqtxku,1
https://facebook.org/search?q=example,0
http://paypal-secure-71.xyz/secure,1
https://www.linkedin.io/blog/2024/article,0
https://slack.net/watch?v=abc123,0
https://amazon.io/products,0
http://netflix.com@login.gq/login,1
https://www.instagram.co/contact,0
http://urgent.airbnb-urgent.xyz/urgent.php,1
http://148.162.141.188/banking/adobe-account,1
http://204.126.140.128/banking/coursera-account,1
http://is.gd/9gfsnu6,1
http://netfflix-support.com/webscr,1
https://www.coursera.edu/about,0
http://t.co/baqjdmz,1
https://yahoo.com/watch?v=abc123,0
https://linkedin.edu/blog/2024/article,0
https://www.yahoo.co/search?q=example,0
https://adobe.net,0
http://amazon.com@suspend.click/suspend,1
https://youtube.org/contact,0
https://reddit.io/,0
https://wikipedia.edu/,0
https://netflix.edu/,0
https://www.twitter.io/watch?v=abc123,0
http://facebook.com@billing.top/billing,1
http://54.150.99.23/confirm/zoom-account,1
http://wikipedia.com@secure.gq/secure,1
https://github.co/docs/api,0
https://slack.org/docs/api,0
https://slack.co/docs/api,0
https://salesforce.com/watch?v=abc123,0
http://goo.gl/9x59tkx,1
https://www.apple.org/pricing,0
http://reddit.com@urgent.ru/urgent,1
http://yahoo.com@recover.gq/recover,1
http://aamzon-security.com/signin,1
https://facebook.io/,0
http://ammazon-verify.com/billing,1
https://netflix.co/search?q=example,0
https://twitter.io/,0
https://adobe.edu/search?q=example,0
http://netf1ix-verify.com/banking,1
https://www.netflix.com,0
http://amazon-urgent-978.gq/urgent,1
https://adobe.org/docs/api,0
https://www.wikipedia.co,0
http://microsoft-billing-359.info/billing,1
http://goo.gl/nvcereg,1
https://www.apple.org/watch?v=abc123,0
https://www.zoom.org/pricing,0
https://www.linkedin.net/products,0
http://urgent.slack-urgent.tk/urgent.php,1
http://github.com@account.ru/account,1
http://youtube-banking-606.xyz/banking,1
https://salesforce.edu/watch?v=abc123,0
http://youtube-unlock-836.xyz/unlock,1
https://microsoft.edu/blog/2024/article,0
https://booking.edu/,0
https://paypal.edu/home,0
http://63.109.46.156/update/booking-account,1
http://airbnb.com@urgent.ru/urgent,1
https://booking.edu/contact,0
https://twitter.co/user/settings,0
http://webscr.paypal-webscr.ru/webscr.php,1
http://goo.gl/6g3gwm5,1
https://www.linkedin.org/user/settings,0
http://cutt.ly/wp8dijj,1
http://b00king-alert.com/suspend,1
https://facebook.co/search?q=example,0
http://netflix-billing-681.cf/billing,1
http://reddit-signin-247.xyz/signin,1
https://slack.io/user/settings,0
http://220.214.56.246/confirm/wikipedia-account,1
https://google.net/docs/api,0
https://wikipedia.co/home,0
https://google.com/blog/2024/article,0
https://www.microsoft.org,0
http://airbnb-recover-364.tk/recover,1
http://245.4.95.209/suspend/slack-account,1
https://dropbox.edu/search?q=example,0
http://webscr.reddit-webscr.ru/webscr.php,1
http://zoom.com@billing.gq/billing,1
http://suspend.reddit-suspend.gq/suspend.php,1
http://instaagram-verify.com/suspend,1
http://slack.com@recover.top/recover,1
http://tinyurl.com/cubpgvf,1
http://youtube.com@signin.xyz/signin,1
https://linkedin.co/user/settings,0
https://microsoft.com/home,0
https://www.airbnb.org/about,0
https://airbnb.io/products,0
https://spotify.net/user/settings,0
http://bit.ly/gia3itw,1
http://youtube.com@urgent.gq/urgent,1
http://linkedin.com@update.cf/update,1
https://www.youtube.net/about,0
http://apple.com@recover.ru/recover,1
http://update.spotify-update.cf/update.php,1
http://t.co/cadtvj9,1
http://215.103.12.40/unlock/github-account,1
http://twittter-online.com/confirm,1
https://coursera.com/watch?v=abc123,0
https://spotify.co/about,0
https://adobe.co/,0
https://www.linkedin.com/pricing,0
https://zoom.co,0
https://airbnb.net/about,0
http://zoom-unlock-536.xyz/unlock,1
http://is.gd/497h7xx,1
http://wikipedia.com@urgent.info/urgent,1
http://bit.ly/w5ijfxh,1
http://ebay-secure-721.cf/secure,1
http://verify.twitter-verify.ru/verify.php,1
https://www.yahoo.edu/home,0
https://youtube.edu/docs/api,0
https://www.youtube.com/contact,0
http://account.spotify-account.xyz/account.php,1
https://facebook.io/about,0
https://www.youtube.net/products,0
http://salesforce1-verify.com/update,1
http://t.co/bmyrr55,1
https://ebay.edu/products,0
http://booking.com@signin.ru/signin,1
https://salesforce.edu/,0
https://www.booking.io/docs/api,0
https://twitter.com/docs/api,0
https://www.reddit.org/products,0
http://liqnkedin-verify.com/alert,1
http://airbnbz-team.com/urgent,1
http://spotify-urgent-864.click/urgent,1
http://38.167.62.112/alert/paypal-account,1
http://spotify-recover-880.ru/recover,1
https://www.apple.io/docs/api,0
http://airbnb-urgent-790.cf/urgent,1
https://www.amazon.edu/watch?v=abc123,0
https://www.airbnb.edu/pricing,0
https://twitter.co/contact,0
http://facebook-login-393.top/login,1
https://adobe.co,0
https://www.amazon.edu/contact,0
https://google.com,0
http://205.120.129.74/account/ebay-account,1
http://cours0era-team.com/confirm,1
https://www.ebay.org/user/settings,0
https://www.microsoft.io/user/settings,0
http://signin.adobe-signin.ru/signin.php,1
http://paypal.com@verify.click/verify,1
https://spotify.com/user/settings,0
https://www.reddit.net/user/settings,0
https://netflix.edu/docs/api,0
http://201.237.32.45/verify/reddit-account,1
https://google.com/watch?v=abc123,0
https://booking.org/docs/api,0
http://payppal-security.com/billing,1
https://ebay.edu/user/settings,0
https://www.dropbox.co,0
http://update.facebook-update.top/update.php,1
http://sa1esf0rce-verify.com/update,1
http://202.246.14.249/account/slack-account,1
http://recover.wikipedia-recover.xyz/recover.php,1
http://amazon-recover-340.click/recover,1
https://wikipedia.com/products,0
https://airbnb.edu/blog/2024/article,0
http://tinyurl.com/nwhz9q6,1
https://www.reddit.net,0
https://www.facebook.co/blog/2024/article,0
https://www.reddit.net/watch?v=abc123,0
https://www.spotify.com/products,0
http://ammazon-support.com/signin,1
http://webscr.coursera-webscr.top/webscr.php,1
https://www.apple.net/home,0
http://wiki-pedia-team.com/verify,1
http://urgent.apple-urgent.click/urgent.php,1
http://confirm.google-confirm.info/confirm.php,1
https://paypal.edu/search?q=example,0
https://google.io/products,0
http://booking-confirm-950.tk/confirm,1
https://www.instagram.net,0
https://facebook.io/home,0
https://reddit.io/home,0
http://facebook.com@suspend.click/suspend,1
https://www.paypal.net/help/faq,0
http://253.211.241.188/alert/netflix-account,1
https://linkedin.com/products,0
http://52.202.18.88/unlock/zoom-account,1
http://billing.salesforce-billing.xyz/billing.php,1
https://www.facebook.com/user/settings,0
http://slack-billing-15.tk/billing,1
https://www.facebook.co/about,0
https://dropbox.org/help/faq,0
https://www.reddit.net/about,0
https://yahoo.org/watch?v=abc123,0
http://tinyurl.com/22piq6z,1
https://slack.co/watch?v=abc123,0
https://microsoft.edu/watch?v=abc123,0
https://coursera.net/home,0
http://169.190.145.173/update/dropbox-account,1
http://wikipedxia-online.com/account,1
https://www.airbnb.net/products,0
http://google.com@login.info/login,1
http://bit.ly/bpg6bg4,1
http://login.zoom-login.ru/login.php,1
https://www.adobe.co/home,0
https://www.paypal.com/blog/2024/article,0
http://paypal-login-213.top/login,1
http://cutt.ly/vbn6dj6,1
http://dropbox-banking-902.gq/banking,1
https://github.co/watch?v=abc123,0
https://www.netflix.net/home,0
https://facebook.edu/watch?v=abc123,0
https://www.dropbox.edu/contact,0
https://www.paypal.edu/watch?v=abc123,0
http://apple.com@signin.top/signin,1
https://www.coursera.io/user/settings,0
http://coursera.com@update.click/update,1
https://ebay.com/,0
http://slack-urgent-499.xyz/urgent,1
http://gixthub-verify.com/unlock,1
https://instagram.io/products,0
http://netflix.com@verify.ru/verify,1
https://www.slack.io/products,0
http://t.co/rwupb7n,1
https://www.dropbox.co/watch?v=abc123,0
http://134.97.251.244/verify/microsoft-account,1
https://reddit.edu/docs/api,0
https://microsoft.io/about,0
http://netfflix-online.com/verify,1
https://adobe.net/search?q=example,0
http://facebook-login-153.gq/login,1
http://tinyurl.com/j8pqeq7,1
http://verify.spotify-verify.info/verify.php,1
http://update.reddit-update.ru/update.php,1
https://linkedin.edu/contact,0
http://twitter.com@alert.ru/alert,1
https://www.paypal.edu/,0
https://github.org/help/faq,0
http://78.160.210.74/alert/slack-account,1
http://youtube-billing-161.top/billing,1
https://wikipedia.edu/watch?v=abc123,0
https://adobe.net/contact,0
https://linkedin.io/,0
https://booking.edu/docs/api,0
https://github.io/docs/api,0
http://confirm.amazon-confirm.cf/confirm.php,1
https://paypal.edu/user/settings,0
https://reddit.net/search?q=example,0
http://182.125.90.87/recover/microsoft-account,1
https://www.coursera.net,0
https://zoom.com/search?q=example,0
http://slack-alert-439.top/alert,1
https://linkedin.net/user/settings,0
https://ebay.net/home,0
http://bit.ly/epzn6g5,1
https://slack.net/,0
https://coursera.co/products,0
https://google.com/about,0
https://salesforce.net/pricing,0
https://www.amazon.org/contact,0
http://213.49.204.230/update/spotify-account,1
http://update.microsoft-update.cf/update.php,1
https://www.salesforce.com,0
https://www.salesforce.edu/,0
http://twitter.com@verify.top/verify,1
https://wikipedia.org/blog/2024/article,0
https://www.dropbox.io/home,0
https://dropbox.com/search?q=example,0
https://www.dropbox.edu/watch?v=abc123,0
http://webscr.google-webscr.tk/webscr.php,1
http://urgent.zoom-urgent.click/urgent.php,1
http://recover.yahoo-recover.cf/recover.php,1
https://www.airbnb.net/contact,0
https://www.wikipedia.edu/,0
http://ebay-support.com/verify,1
https://github.net/home,0
http://verify.slack-verify.top/verify.php,1
http://206.33.130.31/urgent/amazon-account,1
http://190.47.177.240/billing/microsoft-account,1
http://bit.ly/diyr5sw,1
https://netflix.edu/blog/2024/article,0
http://update.airbnb-update.xyz/update.php,1
http://twitter.com@recover.cf/recover,1
http://cutt.ly/9vcyrwn,1
http://unlock.twitter-unlock.info/unlock.php,1
http://apple.com@login.info/login,1
https://www.apple.com/search?q=example,0
https://paypal.org/watch?v=abc123,0
https://coursera.io/help/faq,0
http://cutt.ly/gr3xfj9,1
http://58.7.59.110/unlock/google-account,1
http://74.181.153.74/alert/github-account,1
http://twitter.com@webscr.gq/webscr,1
http://paypa1-verify.com/banking,1
http://wikipedia.com@signin.info/signin,1
http://twitter.com@account.xyz/account,1
https://www.slack.net/,0
http://banking.microsoft-banking.gq/banking.php,1
http://yahoo-webscr-876.xyz/webscr,1
https://youtube.net/contact,0
http://wikipedia-banking-149.cf/banking,1
http://urgent.linkedin-urgent.info/urgent.php,1
http://136.135.13.205/recover/adobe-account,1
http://52.78.79.22/banking/yahoo-account,1
https://netflix.org/watch?v=abc123,0
https://apple.com/docs/api,0
https://www.booking.io,0
http://82.226.208.197/alert/ebay-account,1
https://coursera.net/docs/api,0
http://3.36.27.83/recover/youtube-account,1
http://21.63.20.4/secure/github-account,1
http://is.gd/9z6fmgg,1
http://linkedin.com@secure.ru/secure,1
https://www.linkedin.edu,0
https://www.facebook.net/search?q=example,0
http://sa1esf0rce-verify.com/webscr,1
https://zoom.com/watch?v=abc123,0
https://www.airbnb.edu/,0
https://twitter.com/,0
https://www.github.edu/docs/api,0
https://www.amazon.io/products,0
http://linkedin.com@billing.top/billing,1
https://www.yahoo.net/,0
http://netf1ix-verify.com/urgent,1
https://apple.io,0
http://211.70.145.229/banking/booking-account,1
https://wikipedia.com/blog/2024/article,0
http://cutt.ly/rst3ta2,1
http://verify.linkedin-verify.gq/verify.php,1
http://signin.salesforce-signin.cf/signin.php,1
http://147.56.152.179/secure/google-account,1
https://www.airbnb.io/,0
https://wikipedia.io/blog/2024/article,0
http://igthub-security.com/webscr,1
https://adobe.io/about,0
https://linkedin.org/docs/api,0
http://25.85.105.230/alert/airbnb-account,1
http://150.9.169.186/recover/reddit-account,1
http://facebook.com@billing.cf/billing,1
https://salesforce.edu/about,0
http://twitter-billing-459.tk/billing,1
http://cutt.ly/riberwk,1
https://www.twitter.com/pricing,0
https://github.org/search?q=example,0
http://twitter-billing-597.xyz/billing,1
http://bit.ly/6paem44,1
http://t.co/77j72j5,1
http://bokoing-team.com/secure,1
http://zamazon-support.com/login,1
http://bit.ly/kwjnfzz,1
https://github.com/products,0
http://ebay-secure-739.click/secure,1
http://bit.ly/zzhku6u,1
http://spotify-webscr-912.top/webscr,1
https://coursera.co,0
http://microsoft.com@verify.top/verify,1
https://spotify.io/home,0
http://li-nkedin-security.com/login,1
https://www.booking.co,0
http://verify.wikipedia-verify.cf/verify.php,1
http://goo.gl/jwcrjy5,1
https://www.google.co/watch?v=abc123,0
http://cutt.ly/zrs32zq,1
http://cutt.ly/74hr844,1
http://microsoft.com@banking.cf/banking,1
https://spotify.org/home,0
https://www.netflix.edu,0
https://spotify.edu/about,0
https://linkedin.io/help/faq,0
https://www.airbnb.io,0
http://aribnb-team.com/confirm,1
http://salesforce-billing-724.cf/billing,1
http://tinyurl.com/7zyyzhz,1
https://www.google.org/watch?v=abc123,0
http://spotify.com@update.top/update,1
http://sla1ck-alert.com/recover,1
http://bit.ly/xw8hbbi,1
https://www.instagram.edu/help/faq,0
http://sllack-security.com/account,1
https://booking.io/search?q=example,0
https://www.microsoft.co/,0
http://github-update-866.cf/update,1
http://zoom-webscr-187.cf/webscr,1
https://dropbox.com/pricing,0
http://ebay-signin-958.tk/signin,1
https://www.reddit.io/watch?v=abc123,0
https://www.facebook.com/blog/2024/article,0
https://apple.org/products,0
http://yahoo-suspend-162.info/suspend,1
http://c0ursera-verify.com/suspend,1
http://bit.ly/h3kscm2,1
http://github.com@signin.cf/signin,1
https://www.facebook.edu/products,0
https://www.booking.edu/about,0
http://cutt.ly/46qmxy9,1
http://twitter-banking-410.tk/banking,1
http://sl-ack-online.com/recover,1
https://www.youtube.io/contact,0
http://cutt.ly/y32hd9v,1
https://airbnb.net/user/settings,0
http://booking-signin-89.top/signin,1
https://www.booking.co/home,0
https://www.slack.edu/search?q=example,0
https://linkedin.org/watch?v=abc123,0
http://226.147.207.7/verify/netflix-account,1
https://twitter.net/watch?v=abc123,0
https://ebay.io/user/settings,0
http://141.128.138.137/signin/reddit-account,1
http://cutt.ly/5wg6ziy,1
https://www.yahoo.edu/docs/api,0
http://recover.coursera-recover.top/recover.php,1
https://slack.com/watch?v=abc123,0
https://salesforce.net/watch?v=abc123,0
http://twitter.com@login.gq/login,1
http://youttube-support.com/unlock,1
https://wikipedia.com/home,0
http://goo.gl/ywq3p87,1
https://dropbox.com/home,0
https://www.coursera.net/watch?v=abc123,0
https://www.twitter.edu/contact,0
https://ebay.net/watch?v=abc123,0
https://wikipedia.net/,0
http://paypal.com@billing.top/billing,1
https://www.ebay.co/help/faq,0
https://www.reddit.co/blog/2024/article,0
http://t.co/3ydrc2y,1
http://spotif-y-verify.com/account,1
https://www.yahoo.org/docs/api,0
https://linkedin.com/pricing,0
http://adob-e-online.com/billing,1
https://www.apple.com/about,0
https://microsoft.org/home,0
https://www.ebay.co/search?q=example,0
http://gooogle-support.com/webscr,1
http://urgent.google-urgent.gq/urgent.php,1
http://secure.salesforce-secure.gq/secure.php,1
https://zoom.com,0
https://adobe.co/user/settings,0
https://www.facebook.co/pricing,0
http://amazon.com@recover.info/recover,1
https://instagram.io/search?q=example,0
https://linkedin.org/home,0
https://adobe.io/docs/api,0
https://amazon.org,0
https://zoom.org/docs/api,0
http://qairbnb-alert.com/signin,1
http://46.56.183.9/account/ebay-account,1
http://gooxgle-support.com/update,1
https://facebook.edu/search?q=example,0
http://8.24.38.217/account/slack-account,1
http://signin.reddit-signin.xyz/signin.php,1
http://twwitter-alert.com/confirm,1
http://youtube.com@billing.ru/billing,1
http://96.213.211.175/suspend/netflix-account,1
http://t.co/34b9mu9,1
https://www.zoom.co/,0
https://adobe.com/pricing,0
http://ssalesforce-alert.com/confirm,1
https://www.ebay.co/docs/api,0
https://www.google.org/search?q=example,0
http://netflix-billing-299.cf/billing,1
http://linkeedin-alert.com/confirm,1
http://slaack-online.com/verify,1
https://www.airbnb.co/,0
https://dropbox.net/products,0
https://ebay.io/products,0
http://tinyurl.com/ea38cht,1
https://youtube.com/,0
http://cutt.ly/jzyejnw,1
https://www.dropbox.io,0
https://netflix.io/docs/api,0
http://148.94.91.23/confirm/facebook-account,1
https://ebay.net/pricing,0
https://www.ebay.org/contact,0
http://linked-in-security.com/signin,1
https://netflix.io/products,0
https://www.spotify.co,0
http://reddit.com@urgent.top/urgent,1
https://www.booking.edu/user/settings,0
http://198.207.81.85/verify/salesforce-account,1
http://dropbox-banking-714.ru/banking,1
http://verify.coursera-verify.top/verify.php,1
http://cutt.ly/dsux9kz,1
http://t.co/f2yaq7q,1
https://www.salesforce.com/watch?v=abc123,0
https://facebook.co/home,0
http://twitter-webscr-195.xyz/webscr,1
https://ebay.com/help/faq,0
https://booking.net/user/settings,0
https://www.instagram.com/,0
https://twitter.co/about,0
https://yahoo.com/search?q=example,0
https://www.airbnb.org/watch?v=abc123,0
http://netflix-login-851.ru/login,1
http://189.34.80.14/billing/booking-account,1
http://152.32.14.126/recover/apple-account,1
http://salesforce.com@banking.ru/banking,1
https://paypal.com/products,0
http://secure.ebay-secure.info/secure.php,1
https://youtube.com/home,0
http://reddit.com@signin.gq/signin,1
https://slack.io/help/faq,0
https://netflix.com,0
http://100.125.196.29/urgent/apple-account,1
https://apple.com/contact,0
http://netf1ix-verify.com/verify,1
http://42.196.249.207/recover/paypal-account,1
https://instagram.com/pricing,0
https://www.yahoo.co/home,0
https://www.wikipedia.co/docs/api,0
http://236.209.93.162/login/paypal-account,1
https://facebook.com/user/settings,0
https://reddit.com/help/faq,0
http://175.165.242.231/recover/apple-account,1
http://dro1pbox-alert.com/verify,1
https://www.slack.edu/pricing,0
http://microsoft.com@recover.top/recover,1
http://93.160.220.241/confirm/netflix-account,1
http://verify.facebook-verify.tk/verify.php,1
http://t.co/wpjn4b8,1
http://suspend.linkedin-suspend.top/suspend.php,1
http://in1stagram-security.com/suspend,1
http://dqropbox-verify.com/webscr,1
http://aodbe-alert.com/signin,1
http://amazon-urgent-674.cf/urgent,1
http://11.63.141.40/recover/ebay-account,1
http://204.83.231.60/suspend/ebay-account,1
https://youtube.org/help/faq,0
http://booking.com@urgent.gq/urgent,1
https://netflix.org/docs/api,0
http://netf1ix-team.com/urgent,1
https://www.instagram.io/watch?v=abc123,0
https://www.paypal.edu/blog/2024/article,0
https://booking.co,0
https://www.github.org/search?q=example,0
http://slack.com@urgent.cf/urgent,1
https://www.amazon.com/about,0
http://tinyurl.com/3pfhgme,1
https://www.airbnb.org/contact,0
http://aplpe-online.com/signin,1
https://paypal.edu/blog/2024/article,0
https://reddit.co/user/settings,0
https://reddit.io/user/settings,0
https://www.coursera.com/search?q=example,0
https://coursera.io/about,0
http://ebay-support.com/recover,1
https://www.coursera.org/home,0
https://salesforce.co/search?q=example,0
http://salefsorce-support.com/billing,1
https://booking.org/search?q=example,0
http://confirm.wikipedia-confirm.xyz/confirm.php,1
http://twit-ter-security.com/urgent,1
http://tinyurl.com/zfidiyx,1
https://www.apple.io/watch?v=abc123,0
http://3.102.214.109/secure/spotify-account,1
http://instagram-confirm-58.info/confirm,1
http://amazonn-alert.com/billing,1
http://wikipedia.com@suspend.click/suspend,1
https://www.dropbox.org/docs/api,0
http://github-security.com/secure,1
http://104.158.215.122/secure/facebook-account,1
https://netflix.io/watch?v=abc123,0
https://netflix.net/products,0
http://booking-suspend-167.cf/suspend,1
https://www.yahoo.io/help/faq,0
https://www.facebook.net,0
https://github.com/help/faq,0
http://35.102.108.191/login/apple-account,1
https://www.zoom.edu/blog/2024/article,0
https://yahoo.co/user/settings,0
https://www.booking.io/about,0
https://dropbox.io/blog/2024/article,0
https://reddit.org/help/faq,0
http://youtube-account-835.click/account,1
https://dropbox.org/blog/2024/article,0
https://www.airbnb.co/docs/api,0
http://unlock.spotify-unlock.click/unlock.php,1
http://nteflix-online.com/suspend,1
http://sa1esf0rce-security.com/urgent,1
https://www.slack.org/home,0
https://www.airbnb.net/user/settings,0
https://zoom.edu,0
http://recover.salesforce-recover.click/recover.php,1
https://www.booking.org/blog/2024/article,0
http://tinyurl.com/az4rafv,1
https://instagram.edu/home,0
http://redditt-alert.com/billing,1
https://www.yahoo.co/watch?v=abc123,0
http://cutt.ly/2ngvcew,1
http://zoom-login-817.top/login,1
https://linkedin.edu/search?q=example,0
https://apple.net/products,0
http://billing.salesforce-billing.cf/billing.php,1
http://bookingz-alert.com/verify,1
http://yahoo.com@banking.cf/banking,1
https://www.coursera.org/,0
https://www.adobe.net/docs/api,0
http://73.34.51.163/webscr/booking-account,1
https://www.instagram.io,0
https://www.reddit.edu/home,0
http://114.126.178.202/banking/yahoo-account,1
https://www.wikipedia.edu/about,0
https://www.wikipedia.io/help/faq,0
http://salesforce.com@suspend.top/suspend,1
http://couresra-online.com/billing,1
https://www.youtube.com/search?q=example,0
http://zzoom-team.com/alert,1
https://github.net/docs/api,0
https://www.microsoft.com/search?q=example,0
http://linkedixn-verify.com/urgent,1
http://amaz0n-verify.com/alert,1
https://www.dropbox.co/home,0
http://verify.reddit-verify.info/verify.php,1
http://wikipedia-security.com/alert,1
http://98.4.172.243/unlock/paypal-account,1
https://dropbox.co/about,0
http://apxple-team.com/suspend,1
http://signin.instagram-signin.info/signin.php,1
https://yahoo.edu/,0
http://b00king-online.com/verify,1
https://www.salesforce.co/,0
http://209.210.114.8/secure/spotify-account,1
https://www.booking.io/,0
https://www.booking.net/pricing,0
https://www.github.io/home,0
https://www.slack.net/contact,0
https://wikipedia.org/contact,0
https://adobe.com/,0
http://goo.gl/up23vpp,1
http://paypal.com@urgent.ru/urgent,1
https://wikipedia.com/pricing,0
http://243.85.26.75/alert/google-account,1
http://youtube.com@unlock.top/unlock,1
http://booking-unlock-144.gq/unlock,1
https://wikipedia.com/contact,0
https://www.netflix.net/blog/2024/article,0
https://www.dropbox.org/pricing,0
https://www.paypal.org/,0
http://1inkedin-team.com/secure,1
https://www.instagram.org/contact,0
http://coursera.com@billing.tk/billing,1
https://www.apple.com/help/faq,0
http://sa1esf0rce-team.com/unlock,1
https://www.amazon.net/docs/api,0
http://amazon-signin-802.gq/signin,1
https://www.apple.net/help/faq,0
http://account.adobe-account.info/account.php,1
http://83.45.4.103/account/amazon-account,1
https://www.spotify.io,0
https://booking.co/help/faq,0
https://www.reddit.com/contact,0
https://www.youtube.net,0
https://amazon.net/,0
http://alert.adobe-alert.gq/alert.php,1
https://www.slack.net/help/faq,0
https://www.ebay.com,0
https://netflix.net/docs/api,0
https://airbnb.co/search?q=example,0
https://www.linkedin.co/search?q=example,0
http://update.wikipedia-update.top/update.php,1
http://adobee-security.com/recover,1
http://212.122.129.91/suspend/instagram-account,1
https://www.instagram.net/contact,0
http://signin.booking-signin.ru/signin.php,1
http://unlock.coursera-unlock.click/unlock.php,1
http://is.gd/vjr2tee,1
https://twitter.com/search?q=example,0
http://youtube.com@unlock.click/unlock,1
https://www.ebay.com/docs/api,0
http://gooxgle-online.com/signin,1
https://github.com/user/settings,0
http://sp0otify-alert.com/confirm,1
http://github.com@banking.tk/banking,1
https://adobe.org/help/faq,0
http://68.166.20.92/update/ebay-account,1
http://cutt.ly/c9z45uu,1
http://201.124.21.244/recover/microsoft-account,1
https://slack.net/user/settings,0
http://166.197.99.85/suspend/spotify-account,1
https://youtube.io/,0
http://slack-verify-708.gq/verify,1
https://www.airbnb.com,0
https://coursera.co/user/settings,0
http://is.gd/che8r3b,1
https://www.salesforce.co,0
http://recover.dropbox-recover.ru/recover.php,1
https://www.youtube.org,0
http://bit.ly/ga2pife,1
https://www.dropbox.co/pricing,0
http://airbnb-alert-292.cf/alert,1
https://www.ebay.io/user/settings,0
https://www.adobe.com/home,0
https://coursera.com/products,0
https://www.booking.net/blog/2024/article,0
https://www.airbnb.edu/search?q=example,0
http://suspend.microsoft-suspend.info/suspend.php,1
http://sa1esf0rce-team.com/confirm,1
http://suspend.dropbox-suspend.xyz/suspend.php,1
https://booking.co/search?q=example,0
https://www.wikipedia.io/watch?v=abc123,0
http://t.co/2yjuube,1
http://yah00-verify.com/login,1
http://152.149.84.108/webscr/booking-account,1
https://www.airbnb.com/home,0
http://saelsforce-team.com/secure,1
http://github-verify.com/alert,1
https://www.booking.edu/help/faq,0
http://yaho-o-online.com/verify,1
https://www.reddit.co/user/settings,0
http://update.zoom-update.click/update.php,1
http://microsof-t-security.com/unlock,1
https://facebook.net/,0
http://tinyurl.com/9wussn7,1
https://www.netflix.net,0
https://www.dropbox.net/docs/api,0
https://www.facebook.edu/search?q=example,0
http://am-azon-online.com/urgent,1
http://paypal-unlock-908.click/unlock,1
https://www.linkedin.co/pricing,0
http://beay-verify.com/suspend,1
http://zooom-security.com/verify,1
https://twitter.co/pricing,0
https://dropbox.org/user/settings,0
https://www.ebay.co,0
http://linkedin-banking-942.click/banking,1
https://adobe.org/user/settings,0
https://www.ebay.com/watch?v=abc123,0
https://coursera.co/pricing,0
https://slack.io/blog/2024/article,0
https://yahoo.edu/docs/api,0
http://bit.ly/5cgwegc,1
http://apple-login-911.ru/login,1
http://115.165.53.228/signin/airbnb-account,1
http://alert.zoom-alert.ru/alert.php,1
http://airbnb-banking-140.tk/banking,1
http://linkexdin-verify.com/recover,1
https://coursera.edu/,0
http://alert.ebay-alert.xyz/alert.php,1
https://www.ebay.org/about,0
http://37.197.184.42/alert/slack-account,1
https://www.microsoft.io,0
http://zoom.com@webscr.gq/webscr,1
http://amazon.com@unlock.ru/unlock,1
http://coursera.com@recover.ru/recover,1
https://www.ebay.co/watch?v=abc123,0
http://bit.ly/4gxi4ap,1
https://www.airbnb.net/watch?v=abc123,0
https://www.booking.edu/watch?v=abc123,0
https://zoom.edu/search?q=example,0
http://spotify.com@billing.top/billing,1
http://login.booking-login.tk/login.php,1
https://dropbox.com/,0
https://www.reddit.edu/search?q=example,0
http://dr0pb0x-alert.com/signin,1
http://facebook-alert-943.click/alert,1
http://webscr.yahoo-webscr.gq/webscr.php,1
https://reddit.co/home,0
https://www.salesforce.edu/about,0
http://251.162.251.183/login/adobe-account,1
https://www.adobe.co/docs/api,0
https://www.instagram.com/help/faq,0
http://droppbox-alert.com/account,1
https://www.youtube.com/docs/api,0
http://booking-unlock-356.cf/unlock,1
https://www.apple.io/home,0
https://apple.com/products,0
https://www.github.co/contact,0
http://coursera-suspend-436.top/suspend,1
http://wik-ipedia-support.com/account,1
https://coursera.com/search?q=example,0
http://160.172.67.226/update/salesforce-account,1
http://unlock.linkedin-unlock.ru/unlock.php,1
http://62.95.208.96/webscr/apple-account,1
http://142.63.46.51/recover/netflix-account,1
http://coursera.com@confirm.gq/confirm,1
https://www.airbnb.co/home,0
http://airbnb-account-640.click/account,1
http://facebook.com@verify.top/verify,1
http://amazon1-security.com/secure,1
http://azmazon-support.com/banking,1
http://wikipedia.com@banking.gq/banking,1
http://microsoft-account-655.click/account,1
http://twitter-confirm-919.click/confirm,1
https://spotify.co/search?q=example,0
https://ebay.edu/search?q=example,0
http://103.159.15.57/update/booking-account,1
http://69.142.72.24/suspend/youtube-account,1
http://is.gd/vpe8r2p,1
http://reddit-unlock-704.top/unlock,1
http://193.242.169.180/secure/instagram-account,1
http://bit.ly/qquc9aq,1
http://dropbox.com@update.cf/update,1
https://www.amazon.edu/docs/api,0
http://bit.ly/7e7vaaf,1
https://youtube.org/about,0
https://wikipedia.org/help/faq,0
http://entflix-alert.com/secure,1
https://www.coursera.io,0
http://207.243.145.232/verify/paypal-account,1
https://www.youtube.edu/user/settings,0
http://amazon-signin-590.cf/signin,1
http://coursera-signin-671.xyz/signin,1
https://www.salesforce.net/blog/2024/article,0
https://apple.io/search?q=example,0
http://appple-verify.com/signin,1
https://reddit.net/about,0
http://cutt.ly/mr9fgyc,1
http://bit.ly/5sbrsqi,1
https://www.reddit.co,0
https://airbnb.org/home,0
http://cutt.ly/jpffers,1
https://amazon.io/,0
https://www.coursera.io/search?q=example,0
https://www.google.net/watch?v=abc123,0
https://slack.net/products,0
https://www.youtube.edu/contact,0
https://slack.co/pricing,0
https://www.adobe.io/blog/2024/article,0
http://82.229.250.131/login/paypal-account,1
https://zoom.co/help/faq,0
https://netflix.co/,0
http://netflix.com@secure.gq/secure,1
http://insttagram-security.com/verify,1
https://www.google.net/help/faq,0
https://reddit.co/search?q=example,0
http://zoom-account-162.gq/account,1
http://youtube-billing-563.top/billing,1
http://is.gd/tgrxhzp,1
https://www.facebook.com/home,0
http://178.81.129.240/webscr/spotify-account,1
http://tinyurl.com/axxnsxd,1
https://spotify.com/,0
https://www.paypal.net/,0
https://zoom.io/about,0
https://www.yahoo.org/help/faq,0
https://www.wikipedia.edu/home,0
https://linkedin.edu/watch?v=abc123,0
https://www.slack.co/blog/2024/article,0
https://coursera.com/user/settings,0
http://google-unlock-275.tk/unlock,1
http://53.218.5.93/login/github-account,1
http://246.249.243.103/login/microsoft-account,1
https://www.salesforce.edu/products,0
https://www.linkedin.io/user/settings,0
https://youtube.net/watch?v=abc123,0
http://151.203.101.50/urgent/amazon-account,1
https://www.adobe.edu/blog/2024/article,0
http://slack.com@alert.xyz/alert,1
https://www.linkedin.co/products,0
http://is.gd/m5puu63,1
https://www.google.edu/contact,0
http://unlock.adobe-unlock.cf/unlock.php,1
https://microsoft.org/help/faq,0
http://facebook-secure-312.xyz/secure,1
https://coursera.org/products,0
http://alert.coursera-alert.tk/alert.php,1
http://mmicrosoft-security.com/billing,1
https://www.spotify.org/watch?v=abc123,0
http://241.80.151.52/suspend/salesforce-account,1
https://www.booking.edu/pricing,0
http://goo.gl/625tmmw,1
http://242.189.226.254/recover/youtube-account,1
https://www.airbnb.co/products,0
http://course0ra-alert.com/update,1
https://linkedin.net/,0
https://www.airbnb.io/products,0
http://microsoft-verify-414.xyz/verify,1
https://twitter.com/products,0
http://aplpe-team.com/billing,1
https://coursera.net/,0
http://secure.netflix-secure.xyz/secure.php,1
https://www.slack.com/products,0
https://www.github.co/pricing,0
https://www.wikipedia.org/contact,0
http://paypa1-support.com/account,1
https://www.dropbox.edu/products,0
https://www.ebay.com/search?q=example,0
https://linkedin.com/about,0
http://microsoft.com@account.xyz/account,1
https://wikipedia.org/home,0
https://www.paypal.io/user/settings,0
http://adobe.com@update.click/update,1
http://youtube-signin-210.click/signin,1
http://verify.twitter-verify.info/verify.php,1
http://airbnb-suspend-766.cf/suspend,1
https://www.paypal.org/about,0
https://www.adobe.org/about,0
http://linkedin-account-89.xyz/account,1
https://www.airbnb.io/help/faq,0
https://www.linkedin.net/search?q=example,0
https://www.zoom.co/help/faq,0
https://apple.edu/blog/2024/article,0
https://wikipedia.co,0
https://www.salesforce.co/products,0
http://urgent.dropbox-urgent.cf/urgent.php,1
https://adobe.co/pricing,0
http://167.238.127.187/login/twitter-account,1
http://adobe.com@login.cf/login,1
http://suspend.ebay-suspend.click/suspend.php,1
https://facebook.net/blog/2024/article,0
https://www.paypal.io,0
https://paypal.org/blog/2024/article,0
https://github.io/home,0
https://slack.edu/products,0
http://tinyurl.com/kj6gqhv,1
http://yahoo.com@confirm.top/confirm,1
https://google.net/home,0
https://www.reddit.co/contact,0
http://spotify-billing-915.click/billing,1
https://www.slack.co/products,0
https://www.zoom.org/search?q=example,0
https://paypal.io/blog/2024/article,0
http://signin.reddit-signin.top/signin.php,1
https://www.zoom.com/watch?v=abc123,0
http://coursera.com@suspend.tk/suspend,1
https://adobe.co/watch?v=abc123,0
https://apple.co/pricing,0
https://www.amazon.org/,0
https://www.netflix.io/docs/api,0
http://linkedin.com@confirm.gq/confirm,1
http://sp0tify-team.com/verify,1
http://56.152.92.72/banking/salesforce-account,1
http://bit.ly/fcw6p32,1
https://www.paypal.io/pricing,0
http://ama1zon-security.com/signin,1
https://youtube.com/help/faq,0
https://www.salesforce.edu/contact,0
http://salesforce-urgent-437.xyz/urgent,1
http://booking-unlock-666.top/unlock,1
http://app1e-online.com/recover,1
https://www.yahoo.io/watch?v=abc123,0
http://apple-verify-424.tk/verify,1
https://www.google.io/about,0
https://www.facebook.edu/about,0
http://230.137.236.136/login/reddit-account,1
https://www.apple.org,0
http://login.microsoft-login.gq/login.php,1
https://www.linkedin.org/help/faq,0
https://slack.edu/home,0
http://unlock.coursera-unlock.cf/unlock.php,1
https://www.dropbox.com/products,0
https://www.zoom.co,0
http://coursera-signin-895.ru/signin,1
https://www.netflix.io/home,0
https://twitter.io/home,0
https://yahoo.com/docs/api,0
http://136.108.202.59/billing/coursera-account,1
http://goo.gl/4nmwusb,1
https://salesforce.com/pricing,0
https://www.dropbox.edu/pricing,0
https://adobe.org/blog/2024/article,0
http://reddit.com@signin.tk/signin,1
https://zoom.io/,0
https://coursera.edu/user/settings,0
https://www.slack.io/user/settings,0
http://twitter.com@confirm.gq/confirm,1
https://www.microsoft.com,0
http://coursera-recover-307.xyz/recover,1
https://instagram.co/contact,0
http://goo.gl/x8egwiw,1
https://www.twitter.io/docs/api,0
https://www.slack.edu/user/settings,0
https://instagram.io/blog/2024/article,0
https://microsoft.org/user/settings,0
http://microsoft.com@alert.click/alert,1
http://coursera.com@banking.top/banking,1
http://is.gd/r6gfqfp,1
https://facebook.io/pricing,0
http://is.gd/dwccdca,1
http://unlock.salesforce-unlock.top/unlock.php,1
https://slack.io/watch?v=abc123,0
https://youtube.edu/pricing,0
https://www.dropbox.com/docs/api,0
https://www.zoom.com/,0
http://221.184.59.75/signin/dropbox-account,1
https://slack.net/about,0
https://www.yahoo.com/pricing,0
https://www.yahoo.org/pricing,0
http://wikipedia-webscr-731.click/webscr,1
https://www.google.io/pricing,0
http://github-alert-398.cf/alert,1
https://yahoo.co/products,0
https://booking.co/contact,0
https://amazon.edu/watch?v=abc123,0
http://neetflix-alert.com/update,1
https://www.spotify.co/user/settings,0
https://www.netflix.org/about,0
https://www.yahoo.co/pricing,0
http://wiikipedia-security.com/alert,1
http://slack.com@login.top/login,1
http://update.coursera-update.gq/update.php,1
http://167.202.33.78/banking/coursera-account,1
https://spotify.edu/blog/2024/article,0
http://facebook-signin-626.info/signin,1
http://spotify-secure-803.top/secure,1
http://spotify-verify-476.ru/verify,1
https://airbnb.io/,0
http://coursera-alert-125.cf/alert,1
http://reddit.com@account.cf/account,1
https://www.reddit.org/home,0
http://paypal-webscr-599.cf/webscr,1
http://249.74.198.217/account/paypal-account,1
http://netlfix-alert.com/recover,1
http://t.co/7e9tswj,1
https://www.youtube.co/docs/api,0
https://yahoo.co/watch?v=abc123,0
http://twitter.com@account.cf/account,1
http://youtube-webscr-358.tk/webscr,1
https://paypal.co/pricing,0
http://airbnb.com@billing.top/billing,1
https://zoom.com/pricing,0
https://ebay.co/products,0
https://www.yahoo.co/user/settings,0
http://signin.microsoft-signin.tk/signin.php,1
http://airbnb.com@account.tk/account,1
http://salesforce-account-95.click/account,1
http://sl-ack-verify.com/confirm,1
https://instagram.io/about,0
http://wikipedia.com@login.gq/login,1
http://t.co/6ek3kpw,1
http://zomo-security.com/update,1
https://www.coursera.edu/blog/2024/article,0
http://netlfix-support.com/unlock,1
https://wikipedia.com/about,0
https://www.instagram.edu/pricing,0
https://microsoft.net/contact,0
http://bit.ly/grd87p4,1
https://twitter.com/about,0
https://www.facebook.co/docs/api,0
https://microsoft.com/user/settings,0
https://www.airbnb.io/pricing,0
https://amazon.co/search?q=example,0
http://spotify.com@verify.cf/verify,1
http://banking.ebay-banking.gq/banking.php,1
http://117.37.247.4/unlock/netflix-account,1
https://google.edu/pricing,0
http://t.co/yhjk4kv,1
https://dropbox.net/,0
https://www.paypal.edu/pricing,0
https://booking.io/products,0
https://www.youtube.org/help/faq,0
https://slack.co/home,0
https://www.spotify.net,0
https://yahoo.co/search?q=example,0
https://airbnb.net/contact,0
https://www.coursera.net/blog/2024/article,0
https://www.zoom.net,0
https://www.paypal.com/,0
https://www.zoom.net/,0
https://www.facebook.org/blog/2024/article,0
https://www.yahoo.io/about,0
https://ebay.net/about,0
https://www.zoom.org/about,0
http://secure.airbnb-secure.info/secure.php,1
http://dropbox-secure-643.gq/secure,1
http://goo.gl/ceix83z,1
http://is.gd/9f2n2ni,1
http://r-eddit-verify.com/signin,1
http://githu-b-team.com/unlock,1
https://booking.io/docs/api,0
http://youtube-unlock-830.ru/unlock,1
https://www.facebook.io/contact,0
http://250.89.25.224/update/dropbox-account,1
http://unlock.yahoo-unlock.gq/unlock.php,1
https://www.adobe.co/,0
http://verify.instagram-verify.gq/verify.php,1
https://github.com/home,0
https://www.paypal.edu/help/faq,0
http://186.231.208.95/update/facebook-account,1
http://z00m-verify.com/urgent,1
http://github.com@banking.info/banking,1
https://apple.io/home,0
http://yahoo-update-207.gq/update,1
http://instagram.com@urgent.xyz/urgent,1
https://www.booking.net/docs/api,0
https://www.reddit.net/docs/api,0
http://instagram-support.com/urgent,1
http://tinyurl.com/xnk73fa,1
http://93.108.163.234/confirm/youtube-account,1
https://www.apple.edu/help/faq,0
https://www.wikipedia.edu/products,0
http://sa1esf0rce-team.com/alert,1
https://www.instagram.io/help/faq,0
http://tinyurl.com/zjcyxgz,1
http://salesforce.com@signin.cf/signin,1
http://tinyurl.com/g4jr4ju,1
http://bit.ly/r8n2jiw,1
https://youtube.co/user/settings,0
http://wikipedia.com@verify.cf/verify,1
http://spotify-suspend-788.info/suspend,1
https://www.google.edu/watch?v=abc123,0
https://apple.edu/watch?v=abc123,0
https://paypal.net/watch?v=abc123,0
http://eqbay-team.com/update,1
http://t.co/zp2yzzu,1
https://www.linkedin.com/contact,0
http://83.3.147.124/signin/twitter-account,1
http://webscr.airbnb-webscr.info/webscr.php,1
http://secure.ebay-secure.gq/secure.php,1
https://linkedin.io/blog/2024/article,0
http://zoom-verify-958.info/verify,1
https://www.amazon.edu/pricing,0
http://signin.reddit-signin.ru/signin.php,1
https://www.slack.io/home,0
https://www.youtube.io/watch?v=abc123,0
http://salesforce.com@alert.cf/alert,1
http://youtube.com@banking.click/banking,1
http://yahoo.com@billing.tk/billing,1
http://101.186.92.250/billing/netflix-account,1
http://login.youtube-login.ru/login.php,1
https://www.zoom.io/watch?v=abc123,0
http://airbnb-billing-972.click/billing,1
http://twitetr-online.com/account,1
https://coursera.org/search?q=example,0
http://instagramm-security.com/suspend,1
https://apple.net/contact,0
https://booking.edu/blog/2024/article,0
https://www.microsoft.io/watch?v=abc123,0
https://www.netflix.com/contact,0
http://google-secure-723.info/secure,1
https://www.youtube.com,0
http://netflix.com@signin.xyz/signin,1
http://linkeddin-verify.com/update,1
https://www.twitter.org/about,0
https://www.youtube.org/,0
https://youtube.org,0
http://57.227.68.185/secure/apple-account,1
http://229.103.32.186/secure/microsoft-account,1
http://spotify-update-524.cf/update,1
http://zoom-confirm-249.ru/confirm,1
http://goo.gl/j9sxeh4,1
http://slack-alert-64.cf/alert,1
http://booking.com@unlock.top/unlock,1
http://booking-signin-967.ru/signin,1
https://linkedin.io/docs/api,0
https://microsoft.net,0
http://67.254.156.193/unlock/apple-account,1
https://linkedin.net/contact,0
http://paypal-update-284.cf/update,1
https://github.co/user/settings,0
http://t.co/pyp3k3w,1
http://183.249.197.213/banking/linkedin-account,1
http://12.16.33.80/billing/wikipedia-account,1
https://www.zoom.com/pricing,0
https://www.zoom.net/watch?v=abc123,0
https://google.co/pricing,0
http://bit.ly/3v5dtsf,1
https://facebook.com/docs/api,0
http://cutt.ly/gbde57r,1
https://yahoo.com/help/faq,0
https://microsoft.io/blog/2024/article,0
http://tinyurl.com/7rjm46v,1
https://apple.edu/,0
http://goo.gl/9unphpi,1
https://www.slack.com/blog/2024/article,0
https://slack.org/home,0
https://www.paypal.edu,0
https://www.microsoft.org/pricing,0
http://amazon-signin-31.gq/signin,1
http://dropbox.com@unlock.cf/unlock,1
http://youtube-update-324.xyz/update,1
http://bit.ly/th8e44f,1
http://ebay-account-411.tk/account,1
http://apple-billing-445.click/billing,1
https://www.twitter.net/user/settings,0
https://www.booking.com/home,0
http://169.111.137.14/secure/reddit-account,1
http://twitter-update-990.gq/update,1
http://spotify-confirm-124.cf/confirm,1
https://www.zoom.net/about,0
http://72.225.111.54/banking/booking-account,1
http://224.81.212.217/account/dropbox-account,1
http://45.38.224.159/alert/linkedin-account,1
http://is.gd/np2n8m3,1
https://www.yahoo.net/about,0
http://confirm.youtube-confirm.info/confirm.php,1
http://t.co/ksdtnnr,1
http://google.com@urgent.click/urgent,1
http://115.17.212.103/secure/google-account,1
http://netflix.com@unlock.top/unlock,1
https://adobe.co/blog/2024/article,0
https://zoom.com/products,0
http://spotify-confirm-443.ru/confirm,1
http://zoom-signin-830.tk/signin,1
https://www.dropbox.org/,0
http://84.41.130.86/verify/booking-account,1
https://instagram.io/watch?v=abc123,0
https://www.amazon.com/watch?v=abc123,0
http://bit.ly/eifc57g,1
http://apple-account-431.cf/account,1
https://yahoo.edu/blog/2024/article,0
http://confirm.slack-confirm.info/confirm.php,1
https://airbnb.com,0
http://suspend.coursera-suspend.top/suspend.php,1
https://www.netflix.io/products,0
https://www.instagram.com/about,0
http://paypal-verify-959.info/verify,1
https://www.reddit.edu/pricing,0
http://billing.ebay-billing.xyz/billing.php,1
https://instagram.io/user/settings,0
http://webscr.wikipedia-webscr.ru/webscr.php,1
https://instagram.co/docs/api,0
https://www.reddit.com/products,0
http://bit.ly/fb77av3,1
https://ebay.net/user/settings,0
http://microsoft.com@recover.ru/recover,1
http://banking.yahoo-banking.ru/banking.php,1
http://81.148.22.29/confirm/zoom-account,1
https://netflix.co/pricing,0
http://102.202.44.219/billing/instagram-account,1
https://www.zoom.co/docs/api,0
https://instagram.io/,0
https://spotify.io/pricing,0
http://instagram-alert-256.tk/alert,1
https://dropbox.co/docs/api,0
https://www.wikipedia.org/blog/2024/article,0
http://yahoo.com@account.gq/account,1
https://adobe.net/blog/2024/article,0
http://coursera.com@suspend.click/suspend,1
http://instagram-verify-654.tk/verify,1
https://youtube.co,0
https://www.apple.net/blog/2024/article,0
http://webscr.adobe-webscr.gq/webscr.php,1
https://slack.com/blog/2024/article,0
http://reddit.com@banking.ru/banking,1
http://tinyurl.com/5fjfpic,1
http://is.gd/a6fhmsa,1
https://wikipedia.io/home,0
https://apple.org/user/settings,0
http://youtube-unlock-16.ru/unlock,1
https://www.dropbox.co/search?q=example,0
https://www.slack.edu/help/faq,0
https://paypal.org/docs/api,0
http://twitter.com@suspend.top/suspend,1
https://amazon.com/search?q=example,0
https://reddit.io/about,0
http://airbnb.com@unlock.top/unlock,1
http://recover.twitter-recover.ru/recover.php,1
https://microsoft.edu/help/faq,0
http://201.60.254.56/login/twitter-account,1
https://www.slack.edu/,0
http://ebayy-verify.com/unlock,1
https://www.adobe.io/watch?v=abc123,0
https://ebay.co/docs/api,0
https://github.co,0
https://adobe.org/,0
https://salesforce.com/docs/api,0
https://www.paypal.io/about,0
http://spotify-billing-231.top/billing,1
https://twitter.net/,0
https://dropbox.co/watch?v=abc123,0
http://netflix-webscr-812.gq/webscr,1
https://www.instagram.io/products,0
https://ebay.com/search?q=example,0
http://adobe.com@webscr.ru/webscr,1
http://facebook.com@recover.gq/recover,1
https://www.wikipedia.io/home,0
http://48.37.210.191/login/zoom-account,1
